ID,Categoría,Subcategoría,Código,Nombre del articulo,Descripción,Tipo de articulo,Precio,Costo,Proveedor,Activo,Favorito,Control de Stock,Stock,Margen,Contiene modificadores,Permitir vender solo,Posición,SKU,Nombre de variante,GTIN
390,Adicionales,,,ADEREZO DE QUESO CH,,Alimentos y bebidas preparados,10,,Sam's Club,Si,No,Si,,,No,Si,26700000,,,
709,Adicionales,,,BASE AGUA BOBAH TEA,,Alimentos y bebidas preparados,0,,,Si,No,No,,,No,No,57300000,,,
729,Adicionales,,,BLUE CHEESE ADEREZO G,,Alimentos y bebidas preparados,30,9.06784,,Si,No,Si,,20.93216,No,Si,59300000,,,
730,Adicionales,,,BLUE CHEESE ADEREZO M,,Alimentos y bebidas preparados,20,4.53392,,Si,No,Si,,15.46608,No,Si,59400000,,,
701,Adicionales,,,BOBAH GRANIZADO,,Alimentos y bebidas preparados,15,,,Si,No,No,,,No,No,56700000,,,
275,Adicionales,,,CAJUN SAZONADOR G,,Alimentos y bebidas preparados,10,16.9,,Si,No,Si,,-6.9,No,No,14300000,,,
400,Adicionales,,,camisa L,,Alimentos y bebidas preparados,1,,,No,No,No,,,No,No,27300000,,,
399,Adicionales,,,camisa XL,,Alimentos y bebidas preparados,1,,,No,No,No,,,No,No,27200000,,,
269,Adicionales,,DED8,DEDOS DE QUESO 8 PZA,,Alimentos y bebidas preparados,75,57.98425,,Si,No,Si,,17.01575,Si,Si,500000,,,
268,Adicionales,,DED,DEDOS DE QUESO PZA,,Alimentos y bebidas preparados,10,6.58175,GRUVI,Si,No,No,,3.41825,No,Si,400000,,,
410,Adicionales,,,ENVIO,,Alimentos y bebidas preparados,20,300,,Si,No,No,,-280,No,Si,28000000,,,
347,Adicionales,,,GRANILLO CHOCOLATE - Decoración crepa,,Alimentos y bebidas preparados,0,0.64,,Si,No,Si,,-0.64,No,No,22700000,,,
660,Adicionales,,,HUEVO PROTEINA,,Alimentos y bebidas preparados,0,2.89,,Si,No,Si,,-2.89,No,No,52700000,,,
314,Adicionales,,,LECHE DESLACTOSADA,,Alimentos y bebidas preparados,0,4.3567,,Si,No,Si,,-4.3567,No,No,19700000,,,
313,Adicionales,,,LECHE ENTERA,,Alimentos y bebidas preparados,0,3.4846,,Si,No,Si,,-3.4846,No,No,19600000,,,
687,Adicionales,,,LUNETAS - Toppings Crepa,,Alimentos y bebidas preparados,10,,,Si,No,Si,,,No,No,55400000,,,
686,Adicionales,,,MANGO EN ALMIBAR - Fruta crepa,,Alimentos y bebidas preparados,15,,,Si,No,Si,,,No,No,55300000,,,
464,Adicionales,,,MARACUYA - Jellys,,Alimentos y bebidas preparados,15,,COMERCIAL DE VASOS,Si,No,Si,,,No,No,33200000,,,
633,Adicionales,,,PAPAS A LA FRANCESA (170g),,Alimentos y bebidas preparados,29,,,No,No,Si,,,No,No,50000000,,,
258,Adicionales,,,+ PAPAS A LA FRANCESA CH,,Alimentos y bebidas preparados,25,,,No,No,Si,,,No,No,12300000,,,
274,Adicionales,,,PAPAS A LA FRANCESA IND (170gr),,Alimentos y bebidas preparados,0,9.1783,,No,No,Si,,-9.1783,No,No,200000,,,
259,Adicionales,,,+ PAPAS A LA FRANCESA M,,Alimentos y bebidas preparados,30,,,No,No,Si,,,No,No,12400000,,,
270,Adicionales,,,PAPAS F CH (130g),,Alimentos y bebidas preparados,29,9.3414,,No,No,Si,,19.6586,No,No,11900000,,,
272,Adicionales,,,PAPAS F G (380g),,Alimentos y bebidas preparados,50,20.6739,,No,No,Si,,29.3261,No,No,12100000,,,
273,Adicionales,,,PAPAS F J (500g),,Alimentos y bebidas preparados,60,27.0351,,No,No,Si,,32.9649,No,No,12200000,,,
271,Adicionales,,,PAPAS F M (250g),,Alimentos y bebidas preparados,35,13.7826,,No,No,Si,,21.2174,No,No,12000000,,,
661,Adicionales,,,POLLO PROTEINA,,Alimentos y bebidas preparados,0,9.72,,Si,No,Si,,-9.72,No,No,52800000,,,
276,Adicionales,,,QUESO CHEDAR SAZONADOR G,,Alimentos y bebidas preparados,10,,,Si,No,Si,,,No,No,14400000,,,
266,Adicionales,,,RANCH ADEREZO G,,Alimentos y bebidas preparados,30,9.00848,,Si,No,Si,,20.99152,No,Si,600000,,,
264,Adicionales,,,RANCH ADEREZO M,,Alimentos y bebidas preparados,20,4.05424,,Si,No,No,,15.94576,No,Si,700000,,,
448,Adicionales,,,Sazonador papas,,Alimentos y bebidas preparados,5,3.3,,No,No,Si,,1.7,No,No,31600000,,,
301,Adicionales,,,SIN CREMA BATIDA,,Alimentos y bebidas preparados,0,,,Si,No,No,,,No,No,18400000,,,
351,Adicionales,,,Sin perlas explosivas,,Alimentos y bebidas preparados,0,,,Si,No,No,,,No,No,23000000,,,
662,Adicionales,,,SIN PROTEINA,,Alimentos y bebidas preparados,0.01,,,Si,No,Si,,,No,No,52900000,,,
368,Adicionales,,,TAPIOCA,,Alimentos y bebidas preparados,15,6.2286,,Si,No,Si,,8.7714,No,No,24500000,,,
697,Adicionales,,,TENDERS PROTEINA,,Alimentos y bebidas preparados,0,,,Si,No,Si,,,No,No,56400000,,,
628,Alitas y Boneless,,,Dedos de Queso (3pz),,Alimentos y bebidas preparados,45,,,No,No,No,,,No,Si,49500000,,,
629,Alitas y Boneless,,,Dedos de queso (8pz),,Alimentos y bebidas preparados,110,,,No,No,No,,,No,Si,49600000,,,
736,Alitas y Boneless,,,LOUISIANA SALSA G,,Alimentos y bebidas preparados,0,7.0884,,Si,No,Si,,-7.0884,No,No,60000000,,,
411,Bebidas Calientes,,,CHAI LATTE VAINILLA,,Alimentos y bebidas preparados,45,,,Si,No,Si,,,No,Si,28100000,,,
402,Bebidas Calientes,,,CHAI MIEL,,Alimentos y bebidas preparados,45,,,Si,No,Si,,,No,Si,27500000,,,
320,Bebidas Calientes,,TEA,TEA'S,Bebidas calientes,Alimentos y bebidas preparados,15,,,Si,No,Si,,,Si,Si,20100000,,,
139,Bebidas Calientes,Café's Y Chocolates,,CAFÉ ESPESSO 12 OZ,,Alimentos y bebidas preparados,35,,,Si,No,Si,,,No,Si,1500000,,,
140,Bebidas Calientes,Café's Y Chocolates,,CAPUCCINO,,Alimentos y bebidas preparados,45,,,Si,No,Si,,,No,Si,2100000,,,
141,Bebidas Calientes,Café's Y Chocolates,,CARAMEL LATTE MACCHIATO,,Alimentos y bebidas preparados,45,,,Si,No,Si,,,No,Si,2200000,,,
146,Bebidas Calientes,Café's Y Chocolates,,CHAI LATTE,,Alimentos y bebidas preparados,40,,,Si,No,Si,,,Si,Si,2700000,,,
142,Bebidas Calientes,Café's Y Chocolates,,CHOCOCINO,,Alimentos y bebidas preparados,40,,,Si,No,Si,,,No,Si,3700000,,,
144,Bebidas Calientes,Café's Y Chocolates,,CHOCOLATE BLANCO 16 OZ,,Alimentos y bebidas preparados,50,,,Si,No,Si,,,No,Si,3900000,,,
143,Bebidas Calientes,Café's Y Chocolates,,CHOCOLATE CALIENTE 16 OZ,,Alimentos y bebidas preparados,45,,,Si,No,Si,,,No,Si,4200000,,,
145,Bebidas Calientes,Café's Y Chocolates,,CHOCOLATE OAXACA 16 OZ,,Alimentos y bebidas preparados,50,,,Si,No,Si,,,No,Si,4800000,,,
147,Bebidas Calientes,Café's Y Chocolates,,LATTE 12 OZ,,Alimentos y bebidas preparados,40,,,Si,No,Si,,,No,Si,8500000,,,
148,Bebidas Calientes,Café's Y Chocolates,,LATTE MACCHIATO,,Alimentos y bebidas preparados,40,,,Si,No,Si,,,No,Si,8600000,,,
149,Bebidas Calientes,Café's Y Chocolates,,MOKA,,Alimentos y bebidas preparados,40,110.55,,Si,No,Si,-4.2,-70.55,No,Si,11100000,,,
138,Bebidas Calientes,Té's,,CANELA MANZANA TÉ´S,,Alimentos y bebidas preparados,0,,,Si,No,Si,,,No,No,2000000,,,
321,Bebidas Calientes,Té's,,FRUTOS ROJOS TÉ'S,,Alimentos y bebidas preparados,25,,,Si,No,Si,,,No,Si,20200000,,,
137,Bebidas Calientes,Té's,,FUSIÓN HERBAL TÉ´S,,Alimentos y bebidas preparados,0,,,Si,No,Si,,,No,No,7100000,,,
136,Bebidas Calientes,Té's,,HIERBABUENA TÉ´S,,Alimentos y bebidas preparados,0,,,Si,No,Si,,,No,No,7800000,,,
134,Bebidas Calientes,Té's,,LIMÓN TÉ´S,,Alimentos y bebidas preparados,0,,,Si,No,Si,,,No,No,9000000,,,
135,Bebidas Calientes,Té's,,MANZANILLA TÉ´S,,Alimentos y bebidas preparados,0,,,Si,No,Si,,,No,No,10000000,,,
460,Bebidas Gatunas,,,CHOCOLATE FRIO,,Alimentos y bebidas preparados,55,,,Si,No,No,,,No,No,32800000,,,
386,Bebidas Gatunas,,,Leche 200 ml Vainilla Santa Clara,,Alimentos y bebidas preparados,0,5,,No,No,Si,,-5,No,No,26300000,,,
387,Bebidas Gatunas,,LEC_PROM,Lechita 200ml Promo 3x25,,Alimentos y bebidas preparados,25,,,No,No,Si,,,No,No,26400000,,,
385,Bebidas Gatunas,,LEC_200,Lechita Santa Clara 200ml,,Alimentos y bebidas preparados,10,,,No,No,Si,,,No,No,26200000,,,
706,Bebidas Gatunas,,,RAMUNE MORA AZUL,,Alimentos y bebidas preparados,65,,,Si,No,Si,0,,No,Si,57000000,,,
393,Bebidas Gatunas,,VAQ_PROM,Vaquitas Promo 2x35,,Alimentos y bebidas preparados,35,18,,No,No,Si,,17,No,Si,27000000,,,
656,Bebidas Gatunas,Bebidas Coreanas,,AMERICANO BLACK - MCNULTY,,Alimentos y bebidas preparados,47,25,DOKSURI,Si,No,Si,1,22,No,Si,52300000,,,
643,Bebidas Gatunas,Bebidas Coreanas,,AMERICANO SWEET - MCNULTY,,Alimentos y bebidas preparados,47,25,,Si,No,Si,1,22,No,Si,51000000,,,
586,Bebidas Gatunas,Bebidas Coreanas,,ARIZONA (591ml),,Alimentos y bebidas preparados,25,14.41,Sam's Club,Si,No,Si,6,10.59,No,Si,45300000,,,
665,Bebidas Gatunas,Bebidas Coreanas,,ARIZONA KIWI FRESA (591ml),,Alimentos y bebidas preparados,25,14.41,Sam's Club,No,No,Si,1,10.59,No,Si,53200000,,,
666,Bebidas Gatunas,Bebidas Coreanas,,ARIZONA SANDIA (591ml),,Alimentos y bebidas preparados,25,14.41,Sam's Club,No,No,Si,3,10.59,No,Si,53300000,,,
581,Bebidas Gatunas,Bebidas Coreanas,,BONG BONG BEBIDA,,Alimentos y bebidas preparados,57,,,No,No,No,,,No,Si,44800000,,,
700,Bebidas Gatunas,Bebidas Coreanas,,CANTABILE CAFÉ VAINILLA AMERICANO,,Alimentos y bebidas preparados,47,32.48,MEGAZONE,Si,No,Si,0,14.52,No,Si,56600000,,,
694,Bebidas Gatunas,Bebidas Coreanas,,CANTABILE MANZANA,,Alimentos y bebidas preparados,47,32.48,MEGAZONE,Si,No,Si,0,14.52,No,Si,56100000,,,
693,Bebidas Gatunas,Bebidas Coreanas,,CANTABILE NARANJA,,Alimentos y bebidas preparados,47,32.48,MEGAZONE,Si,No,Si,2,14.52,No,Si,56000000,,,
699,Bebidas Gatunas,Bebidas Coreanas,,CANTABILE UVA VERDE,,Alimentos y bebidas preparados,47,32.48,MEGAZONE,Si,No,Si,2,14.52,No,Si,56500000,,,
582,Bebidas Gatunas,Bebidas Coreanas,,Chupa Chups,,Alimentos y bebidas preparados,70,,,No,No,No,,,No,Si,44900000,,,
423,Bebidas Gatunas,Bebidas Coreanas,,CHUPA CHUPS BEBIDA FRESA,,Alimentos y bebidas preparados,45,32,,Si,No,Si,3,13,No,Si,29200000,,,
692,Bebidas Gatunas,Bebidas Coreanas,,CHUPA CHUPS BEBIDA MELÓN CREMOSA,,Alimentos y bebidas preparados,45,,,Si,No,Si,0,,No,Si,55900000,,,
424,Bebidas Gatunas,Bebidas Coreanas,,CHUPA CHUPS BEBIDA NARANJA,,Alimentos y bebidas preparados,45,32.2,,Si,No,Si,0,12.8,No,Si,29300000,,,
381,Bebidas Gatunas,Bebidas Coreanas,,CHUPA CHUPS BEBIDA UVA,,Alimentos y bebidas preparados,45,32.2,,Si,No,Si,0,12.8,No,Si,25800000,,,
716,Bebidas Gatunas,Bebidas Coreanas,,COMBO SOJU MILKI,,Alimentos y bebidas preparados,125,71.76,,Si,No,Si,,53.24,Si,Si,58000000,,,
677,Bebidas Gatunas,Bebidas Coreanas,,COOL MOJITO - PURE PLUS 500ml,¡Delicioso Mojito! Bebida coreana sabor mojito de Lima-manzana y menta. No contiene alcohol. ¡Tómalo bien frío para un sabor más refrescante y delicioso!,Alimentos y bebidas preparados,55,31.75,MEGAFOOD,Si,No,Si,3,23.25,No,Si,54400000,,,
678,Bebidas Gatunas,Bebidas Coreanas,,COOL PIÑA COLADA - PURE PLUS 500 ml,,Alimentos y bebidas preparados,55,31.75,,Si,No,Si,0,23.25,No,Si,54500000,,,
584,Bebidas Gatunas,Bebidas Coreanas,,Could Brew Bts,,Alimentos y bebidas preparados,65,,,No,No,No,,,No,Si,45100000,,,
580,Bebidas Gatunas,Bebidas Coreanas,,Frais Juis,,Alimentos y bebidas preparados,39,,,No,No,No,,,No,Si,44700000,,,
422,Bebidas Gatunas,Bebidas Coreanas,,FRAIS JUS HALLABONG,,Alimentos y bebidas preparados,27,,,Si,No,Si,0,,No,Si,29100000,,,
200,Bebidas Gatunas,Bebidas Coreanas,,FRAIS JUS MANGO,,Alimentos y bebidas preparados,27,,,Si,No,Si,0,,No,Si,1300000,,,
421,Bebidas Gatunas,Bebidas Coreanas,,FRAIS JUS PIÑA,,Alimentos y bebidas preparados,27,,,Si,No,Si,0,,No,Si,29000000,,,
585,Bebidas Gatunas,Bebidas Coreanas,,Haita Coco Palm Sabor Mango,,Alimentos y bebidas preparados,58,,,No,No,No,,,No,Si,45200000,,,
374,Bebidas Gatunas,Bebidas Coreanas,,HAITAI BONG BONG UVA 238ml,,Alimentos y bebidas preparados,39,22,,Si,No,Si,0,17,No,Si,25100000,,,
462,Bebidas Gatunas,Bebidas Coreanas,,HAITAI COCO PALM MANGO 340ml,,Alimentos y bebidas preparados,40,21.27,DOKSURI,Si,No,Si,1,18.73,No,Si,33000000,,,
669,Bebidas Gatunas,Bebidas Coreanas,,HAITAI PERA,,Alimentos y bebidas preparados,39,36.1,DOKSURI,Si,No,Si,4,2.9,No,Si,53600000,,,
695,Bebidas Gatunas,Bebidas Coreanas,,HATA MORA AZUL,,Alimentos y bebidas preparados,65,,,Si,No,No,,,No,Si,56200000,,,
657,Bebidas Gatunas,Bebidas Coreanas,,HAZELNUT - MCNULTY,,Alimentos y bebidas preparados,47,25,DOKSURI,Si,No,Si,1,22,Si,Si,52400000,,,
642,Bebidas Gatunas,Bebidas Coreanas,,ICE TALK BLUE LEMON,,Alimentos y bebidas preparados,47,27.6125,,Si,No,Si,,19.3875,No,Si,50900000,,,
640,Bebidas Gatunas,Bebidas Coreanas,,ICE TALK DURAZNO,,Alimentos y bebidas preparados,47,27.77,DOKSURI,Si,No,Si,,19.23,No,Si,50700000,,,
641,Bebidas Gatunas,Bebidas Coreanas,,ICE TALK SANDIA,,Alimentos y bebidas preparados,47,27.77,DOKSURI,Si,No,Si,,19.23,No,Si,50800000,,,
306,Bebidas Gatunas,Bebidas Coreanas,,milkis,,Alimentos y bebidas preparados,0,0,,No,No,No,,0,No,No,19000000,,,
465,Bebidas Gatunas,Bebidas Coreanas,,MILKIS DURAZNO 250 ml,,Alimentos y bebidas preparados,35,21,,Si,No,Si,27,14,No,Si,33300000,,,
373,Bebidas Gatunas,Bebidas Coreanas,,MILKIS FRESA 250 ml,,Alimentos y bebidas preparados,35,23,,Si,No,Si,0,12,No,Si,25000000,,,
710,Bebidas Gatunas,Bebidas Coreanas,,MILKIS MANZANA 250 ml,,Alimentos y bebidas preparados,35,,,Si,No,Si,1,,No,Si,57400000,,,
371,Bebidas Gatunas,Bebidas Coreanas,,MILKIS MELÓN 250 ml,,Alimentos y bebidas preparados,35,23,,Si,No,Si,8,12,No,Si,24800000,,,
372,Bebidas Gatunas,Bebidas Coreanas,,MILKIS ORIGINAL 250 ml,,Alimentos y bebidas preparados,35,21,,Si,No,Si,26,14,No,Si,24900000,,,
438,Bebidas Gatunas,Bebidas Coreanas,,Paldo BTS Cold Brew Americano,"es café americano preparado en frío (cold brew) listo para consumir, a los amantes del café y fans de BTS les encantará.",Alimentos y bebidas preparados,65,41.55,Asiaon Mart,Si,No,Si,0,23.45,No,Si,30600000,,,
738,Bebidas Gatunas,Bebidas Coreanas,,Ponche De Arroz - Paldo Shikhye,,Alimentos y bebidas preparados,25,19,Asiaon Mart,Si,No,Si,7,6,No,Si,60200000,,,
705,Bebidas Gatunas,Bebidas Coreanas,,RAMINE LIMON,,Alimentos y bebidas preparados,65,,,Si,No,No,,,No,Si,56900000,,,
583,Bebidas Gatunas,Bebidas Coreanas,,Ramune,,Alimentos y bebidas preparados,94,,,No,No,No,,,No,Si,45000000,,,
435,Bebidas Gatunas,Bebidas Coreanas,,RAMUNE FRESA,"Refresco tradicional japonés, La forma única de la botella y cómo está sellada con una canica hace que sea divertido y gratificante de abrir.",Alimentos y bebidas preparados,65,53.36,Asiaon Mart,Si,No,Si,0,11.64,No,Si,30300000,,,
707,Bebidas Gatunas,Bebidas Coreanas,,RAMUNE LIMON,,Alimentos y bebidas preparados,65,,,Si,No,Si,2,,No,Si,57100000,,,
437,Bebidas Gatunas,Bebidas Coreanas,,RAMUNE LYCHEE,"Refresco tradicional japonés, La forma única de la botella y cómo está sellada con una canica hace que sea divertido y gratificante de abrir.",Alimentos y bebidas preparados,65,46.92,,Si,No,Si,0,18.08,No,Si,30500000,,,
477,Bebidas Gatunas,Bebidas Coreanas,,RAMUNE MELON,"Refresco tradicional japonés, La forma única de la botella y cómo está sellada con una canica hace que sea divertido y gratificante de abrir.",Alimentos y bebidas preparados,65,53.36,Asiaon Mart,Si,No,Si,1,11.64,No,Si,34400000,,,
478,Bebidas Gatunas,Bebidas Coreanas,,RAMUNE NARANJA,"Refresco tradicional japonés, La forma única de la botella y cómo está sellada con una canica hace que sea divertido y gratificante de abrir.",Alimentos y bebidas preparados,65,53.36,Asiaon Mart,Si,No,Si,5,11.64,No,Si,34500000,,,
473,Bebidas Gatunas,Bebidas Coreanas,,RAMUNE ORIGINAL,,Alimentos y bebidas preparados,65,53.36,Asiaon Mart,Si,No,Si,3,11.64,No,Si,34000000,,,
436,Bebidas Gatunas,Bebidas Coreanas,,RAMUNE UVA,"Refresco tradicional japonés, La forma única de la botella y cómo está sellada con una canica hace que sea divertido y gratificante de abrir.",Alimentos y bebidas preparados,65,53.36,Asiaon Mart,Si,No,Si,0,11.64,No,Si,30400000,,,
711,Bebidas Gatunas,Bebidas Coreanas,,SOJU AMERICANO,,Alimentos y bebidas preparados,100,,,Si,No,Si,0,,No,Si,57500000,,,
468,Bebidas Gatunas,Bebidas Coreanas,,SOJU DURAZNO,,Alimentos y bebidas preparados,100,71.76,,Si,No,Si,0,28.24,No,Si,33500000,,,
469,Bebidas Gatunas,Bebidas Coreanas,,SOJU FRESA,,Alimentos y bebidas preparados,100,71.76,,Si,No,Si,0,28.24,No,Si,33600000,,,
704,Bebidas Gatunas,Bebidas Coreanas,,SOJU MANDARINA,,Alimentos y bebidas preparados,100,,,Si,No,Si,0,,No,Si,56800000,,,
663,Bebidas Gatunas,Bebidas Coreanas,,SOJU MANGO,,Alimentos y bebidas preparados,100,71.76,,Si,No,Si,0,28.24,No,Si,53000000,,,
696,Bebidas Gatunas,Bebidas Coreanas,,SOJU MANZANA,,Alimentos y bebidas preparados,100,,,Si,No,No,,,No,Si,56300000,,,
467,Bebidas Gatunas,Bebidas Coreanas,,SOJU MANZANA VERDE,,Alimentos y bebidas preparados,100,71.76,,Si,No,Si,0,28.24,No,Si,33400000,,,
471,Bebidas Gatunas,Bebidas Coreanas,,SOJU ORIGINAL,,Alimentos y bebidas preparados,100,71.76,,Si,No,Si,0,28.24,No,Si,33800000,,,
470,Bebidas Gatunas,Bebidas Coreanas,,SOJU SAERO,,Alimentos y bebidas preparados,100,71.76,,Si,No,Si,0,28.24,No,Si,33700000,,,
472,Bebidas Gatunas,Bebidas Coreanas,,SOJU YOGURT,,Alimentos y bebidas preparados,100,71.76,,Si,No,Si,0,28.24,No,Si,33900000,,,
645,Bebidas Gatunas,Bobah Tea's,,ALGODÓN DE AZÚCAR BOBA TEA'S,,Alimentos y bebidas preparados,0,,,Si,No,Si,,,No,No,51200000,,,
302,Bebidas Gatunas,Bobah Tea's,BOBAH,BOBAH TEA,,Alimentos y bebidas preparados,37.99,2.13,,Si,Si,Si,,35.86,Si,Si,18500000,,,
380,Bebidas Gatunas,Bobah Tea's,,BOBAH TEA AGUA,,Alimentos y bebidas preparados,40,0,,No,No,Si,,40,Si,No,25700000,,,
611,Bebidas Gatunas,Bobah Tea's,,Bobah Tea Chocolate 16 oz,,Alimentos y bebidas preparados,80,,,No,No,No,,,No,Si,47800000,,,
612,Bebidas Gatunas,Bobah Tea's,,Bobah Tea Horchata 16 oz,,Alimentos y bebidas preparados,80,,,No,No,No,,,No,Si,47900000,,,
613,Bebidas Gatunas,Bobah Tea's,,Bobah Tea Matcha 16 oz,,Alimentos y bebidas preparados,80,,,No,No,No,,,No,Si,48000000,,,
614,Bebidas Gatunas,Bobah Tea's,,Bobah Tea Pink Lemonade 16 oz,,Alimentos y bebidas preparados,80,,,No,No,No,,,No,Si,48100000,,,
615,Bebidas Gatunas,Bobah Tea's,,Bobah Tea Taro Purple 16 oz,,Alimentos y bebidas preparados,87,,,No,No,No,,,No,Si,48200000,,,
616,Bebidas Gatunas,Bobah Tea's,,Bobah Tea Té Verde Frutos Rojos 16 oz,,Alimentos y bebidas preparados,80,,,No,No,No,,,No,Si,48300000,,,
617,Bebidas Gatunas,Bobah Tea's,,Bobah Tea Vainilla 16 oz,,Alimentos y bebidas preparados,80,,,No,No,No,,,No,Si,48400000,,,
618,Bebidas Gatunas,Bobah Tea's,,Chai Latte caliente,,Alimentos y bebidas preparados,58,,,Si,No,No,,,No,Si,48500000,,,
103,Bebidas Gatunas,Bobah Tea's,,CHOCOLATE BOBA TEA´S,,Alimentos y bebidas preparados,0,,,Si,No,Si,,,No,No,4100000,,,
389,Bebidas Gatunas,Bobah Tea's,,FRUTOS ROJOS BOBAH TEA'S,,Alimentos y bebidas preparados,55,,,Si,No,Si,,,No,No,26600000,,,
109,Bebidas Gatunas,Bobah Tea's,,FRUTOS ROJOS BOBA TEA´S,,Alimentos y bebidas preparados,0,,,Si,No,Si,,,No,No,15000000,,,
104,Bebidas Gatunas,Bobah Tea's,,HORCHATA BOBA TEA´S,,Alimentos y bebidas preparados,0,,,Si,No,Si,,,No,No,7900000,,,
377,Bebidas Gatunas,Bobah Tea's,,LECHE DESLACTOSADA BOBAH TEA,,Alimentos y bebidas preparados,0,8.7134,,Si,No,Si,,-8.7134,No,No,25400000,,,
378,Bebidas Gatunas,Bobah Tea's,,LECHE DESLACTOSADA LIGHT BOBAH TEA,,Alimentos y bebidas preparados,0,8.8101,,Si,No,Si,,-8.8101,No,No,25500000,,,
376,Bebidas Gatunas,Bobah Tea's,,LECHE ENTERA BOBAH TEA,,Alimentos y bebidas preparados,0,7.1526,,Si,No,Si,,-7.1526,No,No,25300000,,,
105,Bebidas Gatunas,Bobah Tea's,,MATCHA BOBA TEA´S,,Alimentos y bebidas preparados,0,,,Si,No,Si,,,No,No,10700000,,,
106,Bebidas Gatunas,Bobah Tea's,,PINK LEMONADE BOBA TEA´S,,Alimentos y bebidas preparados,0,,,Si,No,Si,,,No,No,13200000,,,
388,Bebidas Gatunas,Bobah Tea's,BOB_2X100,PROMO BOBAH G 2X100,,Alimentos y bebidas preparados,100,,,No,No,Si,,,Si,Si,26500000,,,
107,Bebidas Gatunas,Bobah Tea's,,TARO BOBA TEA´S,,Alimentos y bebidas preparados,0,,,Si,No,Si,,,No,No,14700000,,,
108,Bebidas Gatunas,Bobah Tea's,,TARO PURPPLE BOBA TEA´S,,Alimentos y bebidas preparados,5,,,Si,No,Si,,,No,No,14900000,,,
110,Bebidas Gatunas,Bobah Tea's,,VAINILLA BOBA TEA´S,,Alimentos y bebidas preparados,0,,,Si,No,Si,,,No,No,15200000,,,
10,Bebidas Gatunas,Frappé's Gatunos,,ALGODÓN DE AZUCAR FRAPPÉ,,Alimentos y bebidas preparados,10,,,Si,No,Si,,,No,No,800000,,,
11,Bebidas Gatunas,Frappé's Gatunos,,BAILEYS FRAPPÉ,,Alimentos y bebidas preparados,15,9.985,,Si,No,Si,,5.015,No,No,1000000,,,
12,Bebidas Gatunas,Frappé's Gatunos,,CAJETA FRAPPÉ,,Alimentos y bebidas preparados,0,,,Si,No,Si,,,No,No,1700000,,,
414,Bebidas Gatunas,Frappé's Gatunos,,CALABAZA FRAPPÉ,,Alimentos y bebidas preparados,10,,,Si,No,Si,,,No,No,28300000,,,
284,Bebidas Gatunas,Frappé's Gatunos,,CAPPUCCINO FRAPPÉ,,Alimentos y bebidas preparados,10,,,Si,No,Si,,,No,No,1200000,,,
14,Bebidas Gatunas,Frappé's Gatunos,,CEREZA FRAPPÉ,,Alimentos y bebidas preparados,15,,,Si,No,Si,,,No,No,2300000,,,
16,Bebidas Gatunas,Frappé's Gatunos,,CHAI MANZANA CANELA FRAPPÉ,,Alimentos y bebidas preparados,10,,,Si,No,Si,,,No,No,2800000,,,
401,Bebidas Gatunas,Frappé's Gatunos,,CHAI VAINILLA FRAPPÈ,,Alimentos y bebidas preparados,10,,,Si,No,Si,,,No,No,27400000,,,
20,Bebidas Gatunas,Frappé's Gatunos,,CHEESECAKE FRAPPÉ,,Alimentos y bebidas preparados,10,,,Si,No,Si,,,No,No,3100000,,,
19,Bebidas Gatunas,Frappé's Gatunos,,CHOCO AVELLANA FRAPPÉ,,Alimentos y bebidas preparados,10,,,Si,No,Si,,,No,No,3400000,,,
454,Bebidas Gatunas,Frappé's Gatunos,,CHOCOCEREZA FRAPPÉ,,Alimentos y bebidas preparados,10,,,Si,No,No,,,No,No,32200000,,,
18,Bebidas Gatunas,Frappé's Gatunos,,CHOCOLATE BLANCO FRAPPÉ,,Alimentos y bebidas preparados,10,,,Si,No,Si,,,No,No,4000000,,,
17,Bebidas Gatunas,Frappé's Gatunos,,CHOCOLATE FRAPPÉ,,Alimentos y bebidas preparados,10,,,Si,No,Si,,,No,No,4300000,,,
77,Bebidas Gatunas,Frappé's Gatunos,,CONEJITO TURÍN FRAPPÉ,,Alimentos y bebidas preparados,20,15.84,,Si,No,Si,,4.16,No,No,5000000,,,
78,Bebidas Gatunas,Frappé's Gatunos,,COOKIES & CREAM (OREO) FRAPPÉ,,Alimentos y bebidas preparados,25,9.1044,,Si,No,Si,,15.8956,No,No,5100000,,,
305,Bebidas Gatunas,Frappé's Gatunos,,CREMA BATIDA,,Alimentos y bebidas preparados,0,7.802,,Si,No,Si,,-7.802,No,No,18900000,,,
79,Bebidas Gatunas,Frappé's Gatunos,,FERRERO FRAPPÉ,,Alimentos y bebidas preparados,35,15,,Si,No,Si,,20,No,No,5700000,,,
13,Bebidas Gatunas,Frappé's Gatunos,,FRAPPÉ 14 OZ (CH),,Alimentos y bebidas preparados,0,0,,Si,No,Si,,0,No,No,16900000,,,
285,Bebidas Gatunas,Frappé's Gatunos,,FRAPPÉ 16 OZ (G),,Alimentos y bebidas preparados,10,19.0195,,Si,No,Si,,-9.0195,No,No,16800000,,,
522,Bebidas Gatunas,Frappé's Gatunos,,Frappé' Bobah,,Alimentos y bebidas preparados,79,,,No,No,No,,,No,Si,38900000,,,
15,Bebidas Gatunas,Frappé's Gatunos,,FRAPPÉ CHAI VAINILLA,,Alimentos y bebidas preparados,10,,,No,No,Si,,,No,No,2900000,,,
283,Bebidas Gatunas,Frappé's Gatunos,FRAPPE,FRAPPÉ GATUNO,Refrescante bebida con una variedad de sabores deliciosos.,Alimentos y bebidas preparados,45,1.6125,,Si,Si,Si,,43.3875,Si,Si,16700000,,,
725,Bebidas Gatunas,Frappé's Gatunos,,FRESA - CHAMOYADA,,Alimentos y bebidas preparados,40,0.438,,Si,No,Si,,39.562,Si,Si,58900000,,,
412,Bebidas Gatunas,Frappé's Gatunos,,FRUTOS ROJOS FRAPPE,,Alimentos y bebidas preparados,67,,,Si,No,Si,,,No,No,28200000,,,
708,Bebidas Gatunas,Frappé's Gatunos,,GANSITO FRAPPE,,Alimentos y bebidas preparados,17,,,Si,No,Si,,,No,No,57200000,,,
22,Bebidas Gatunas,Frappé's Gatunos,,HORCHATA FRAPPÉ,,Alimentos y bebidas preparados,10,,,Si,No,Si,,,No,No,8000000,,,
407,Bebidas Gatunas,Frappé's Gatunos,,JAVA CHIPS FRAPPÉ,,Alimentos y bebidas preparados,10,,,Si,No,Si,,,No,No,5800000,,,
303,Bebidas Gatunas,Frappé's Gatunos,,KITKAT FRAPPÉ,,Alimentos y bebidas preparados,20,,,Si,No,Si,,,No,No,18700000,,,
23,Bebidas Gatunas,Frappé's Gatunos,,MARSHMALLOW CHOCOLATE FRAPPÉ,,Alimentos y bebidas preparados,10,,,Si,No,Si,,,No,No,10500000,,,
24,Bebidas Gatunas,Frappé's Gatunos,,MATCHA FRAPPÉ,,Alimentos y bebidas preparados,17,,,Si,No,Si,,,No,No,10800000,,,
75,Bebidas Gatunas,Frappé's Gatunos,,MAZAPÁN FRAPPÉ,,Alimentos y bebidas preparados,17,13.3906,,Si,No,Si,,3.6094,No,No,10900000,,,
25,Bebidas Gatunas,Frappé's Gatunos,,MOKACCINO FRAPPÉ,,Alimentos y bebidas preparados,17,,,Si,No,Si,,,No,No,11200000,,,
638,Bebidas Gatunas,Frappé's Gatunos,,PAN DE MUERTO FRAPPÉ,,Alimentos y bebidas preparados,17,,,Si,No,Si,,,No,No,50500000,,,
76,Bebidas Gatunas,Frappé's Gatunos,,PAY DE LIMÓN FRAPPÉ,,Alimentos y bebidas preparados,17,,,Si,No,Si,,,No,No,12600000,,,
453,Bebidas Gatunas,Frappé's Gatunos,,PIÑACOLADA FRAPPÉ,,Alimentos y bebidas preparados,17,,,Si,No,No,,,No,No,32100000,,,
26,Bebidas Gatunas,Frappé's Gatunos,,PISTACHE FRAPPÉ,,Alimentos y bebidas preparados,10,,,Si,No,Si,,,No,No,13300000,,,
27,Bebidas Gatunas,Frappé's Gatunos,,RED VELVET CHOCOLATE FRAPPÉ,,Alimentos y bebidas preparados,10,,,Si,No,Si,,,No,No,14000000,,,
452,Bebidas Gatunas,Frappé's Gatunos,,ROMPOPE FRAPPÉ,,Alimentos y bebidas preparados,17,,,Si,No,No,,,No,No,32000000,,,
28,Bebidas Gatunas,Frappé's Gatunos,,STRAWBERRY CREAM (FRESA) FRAPPÉ,,Alimentos y bebidas preparados,10,9.06615,,Si,No,Si,,0.93385,No,No,14500000,,,
29,Bebidas Gatunas,Frappé's Gatunos,,TARO FRAPPÉ,,Alimentos y bebidas preparados,10,,,Si,No,Si,,,No,No,14800000,,,
375,Bebidas Gatunas,Frappé's Gatunos,,TARO PURPLE FRAPPÉ,,Alimentos y bebidas preparados,17,,,Si,No,Si,,,No,No,25200000,,,
30,Bebidas Gatunas,Frappé's Gatunos,,VAINILLA FRAPPÉ,,Alimentos y bebidas preparados,10,,,Si,No,Si,,,No,No,15300000,,,
31,Bebidas Gatunas,Frappé's Gatunos,,ZARZA CREMOSA FRAPPÉ,,Alimentos y bebidas preparados,10,,,Si,No,Si,,,No,No,15700000,,,
720,Bebidas Gatunas,Granizados & Chamoyadas,,CEREZA - CHAMOYADA,,Alimentos y bebidas preparados,40,0.438,,Si,No,Si,,39.562,Si,Si,58400000,,,
121,Bebidas Gatunas,Granizados & Chamoyadas,,CEREZA - GRANIZADO,,Alimentos y bebidas preparados,0,,,Si,No,Si,,,No,No,2400000,,,
279,Bebidas Gatunas,Granizados & Chamoyadas,,CHAM DE TAMARINDO,,Alimentos y bebidas preparados,0,,,No,No,Si,,,No,No,16300000,,,
101,Bebidas Gatunas,Granizados & Chamoyadas,CHAM,CHAMOYADA,Bebida refrescante agridulce junto a una paleta de hielo.,Alimentos y bebidas preparados,40,2.335,,No,Si,Si,,37.665,Si,Si,9400000,,,
713,Bebidas Gatunas,Granizados & Chamoyadas,CHAM_14,CHAMOYADA 14 OZ,,Alimentos y bebidas preparados,20,9.9068,,Si,No,Si,,10.0932,No,No,57700000,,,
679,Bebidas Gatunas,Granizados & Chamoyadas,CHAM_!6,CHAMOYADA 16 OZ,,Alimentos y bebidas preparados,45,10.4368,,Si,No,Si,,34.5632,No,No,54600000,,,
719,Bebidas Gatunas,Granizados & Chamoyadas,,FRESA - GRANIZADO,,Alimentos y bebidas preparados,0,,,Si,No,No,,,No,No,58300000,,,
278,Bebidas Gatunas,Granizados & Chamoyadas,,FRESA SANDÍA - CHAMOYADA,,Alimentos y bebidas preparados,40,1.9988,,Si,No,Si,,38.0012,Si,Si,16200000,,,
718,Bebidas Gatunas,Granizados & Chamoyadas,,FRESA SANDÍA - GRANIZADO,,Alimentos y bebidas preparados,0,,,Si,No,No,,,No,No,58200000,,,
721,Bebidas Gatunas,Granizados & Chamoyadas,,FRUTOS ROJOS - CHAMOYADA,,Alimentos y bebidas preparados,40,0.438,,Si,No,Si,,39.562,Si,Si,58500000,,,
122,Bebidas Gatunas,Granizados & Chamoyadas,,FRUTOS ROJOS - GRANIZADO,,Alimentos y bebidas preparados,0,,,Si,No,Si,,,No,No,6900000,,,
455,Bebidas Gatunas,Granizados & Chamoyadas,,GRANIZADO 14 OZ (CH),,Alimentos y bebidas preparados,0,,,Si,No,No,,,No,No,32300000,,,
459,Bebidas Gatunas,Granizados & Chamoyadas,,GRANIZADO 16OZ,,Alimentos y bebidas preparados,10,,,Si,No,No,,,No,No,32700000,,,
123,Bebidas Gatunas,Granizados & Chamoyadas,,GRANIZADO GUAYABA,,Alimentos y bebidas preparados,0,,,No,No,Si,,,No,No,7200000,,,
125,Bebidas Gatunas,Granizados & Chamoyadas,GRAN,GRANIZADO MININO,,Alimentos y bebidas preparados,40,1.84,,Si,Si,Si,,38.16,Si,Si,8900000,,,
133,Bebidas Gatunas,Granizados & Chamoyadas,,GRANIZADO TAMARINDO,,Alimentos y bebidas preparados,0,,,No,No,Si,,,No,No,14600000,,,
124,Bebidas Gatunas,Granizados & Chamoyadas,,KIWI - GRANIZADOS,,Alimentos y bebidas preparados,0,,,Si,No,Si,,,No,No,8200000,,,
282,Bebidas Gatunas,Granizados & Chamoyadas,,LIMÓN - CHAMOYADA,,Alimentos y bebidas preparados,40,0.438,,Si,No,Si,,39.562,Si,Si,16600000,,,
717,Bebidas Gatunas,Granizados & Chamoyadas,,LIMÓN - GRANIZADO,,Alimentos y bebidas preparados,0,,,Si,No,No,,,No,No,58100000,,,
126,Bebidas Gatunas,Granizados & Chamoyadas,,MANDARINA - GRANIZADO,,Alimentos y bebidas preparados,0,,,No,No,Si,,,No,No,9300000,,,
277,Bebidas Gatunas,Granizados & Chamoyadas,,MANGO - CHAMOYADA,,Alimentos y bebidas preparados,40,2.298,,Si,No,Si,,37.702,Si,Si,16100000,,,
127,Bebidas Gatunas,Granizados & Chamoyadas,,MANGO - GRANIZADO,,Alimentos y bebidas preparados,0,,,Si,No,Si,,,No,No,9500000,,,
281,Bebidas Gatunas,Granizados & Chamoyadas,,MARACUYÁ - CHAMOYADA,"Refrescantes, dulces y picositas. Fruta natural, hielo frappé y chamoy con chilito. ¡El antojo perfecto en cada sorbo! 🍧🔥",Alimentos y bebidas preparados,40,0.438,,Si,No,Si,,39.562,Si,Si,16500000,,,
128,Bebidas Gatunas,Granizados & Chamoyadas,,MARACUYÁ - GRANIZADO,,Alimentos y bebidas preparados,0,,,Si,No,Si,,,No,No,10300000,,,
722,Bebidas Gatunas,Granizados & Chamoyadas,,MOJITO - CHAMOYADA,,Alimentos y bebidas preparados,40,0.438,,Si,No,Si,,39.562,Si,Si,58600000,,,
129,Bebidas Gatunas,Granizados & Chamoyadas,,MOJITO - GRANIZADO,,Alimentos y bebidas preparados,0,,,Si,No,Si,,,No,No,11000000,,,
723,Bebidas Gatunas,Granizados & Chamoyadas,,MORA AZUL - CHAMOYADA,,Alimentos y bebidas preparados,40,0.438,,Si,No,Si,,39.562,Si,Si,58700000,,,
130,Bebidas Gatunas,Granizados & Chamoyadas,,MORA AZUL - GRANIZADO,,Alimentos y bebidas preparados,0,,,Si,No,Si,,,No,No,11300000,,,
280,Bebidas Gatunas,Granizados & Chamoyadas,,PEPINO LIMÓN - CHAMOYADA,,Alimentos y bebidas preparados,40,0.438,,Si,No,Si,,39.562,Si,Si,16400000,,,
131,Bebidas Gatunas,Granizados & Chamoyadas,,PEPINO LIMÓN - GRANIZADO,,Alimentos y bebidas preparados,0,,,Si,No,Si,,,No,No,12900000,,,
451,Bebidas Gatunas,Granizados & Chamoyadas,,PIÑA COLADA GRANIZADO,,Alimentos y bebidas preparados,0,,,No,No,Si,,,No,No,31900000,,,
732,Bebidas Gatunas,Granizados & Chamoyadas,,PINK LEMONADE - CHAMOYADA,,Alimentos y bebidas preparados,40,0.438,,Si,No,Si,,39.562,Si,Si,59600000,,,
450,Bebidas Gatunas,Granizados & Chamoyadas,,ROMPOPE - GRANIZADO,,Alimentos y bebidas preparados,0,,,Si,No,No,,,No,No,31800000,,,
724,Bebidas Gatunas,Granizados & Chamoyadas,,SANDÍA - CHAMOYADA,,Alimentos y bebidas preparados,40,1.9988,,Si,No,Si,,38.0012,Si,Si,58800000,,,
132,Bebidas Gatunas,Granizados & Chamoyadas,,SANDÍA - GRANIZADO,,Alimentos y bebidas preparados,0,,,Si,No,No,,,No,No,14100000,,,
463,Bebidas Gatunas,Granizados & Chamoyadas,,SMOOTHIE FRUTOS ROJOS,,Alimentos y bebidas preparados,60,,,Si,No,Si,,,Si,Si,33100000,,,
644,Bebidas Gatunas,Licuados & Malteadas,,CHILATE,,Alimentos y bebidas preparados,45,,,Si,No,Si,,,No,Si,51100000,,,
118,Bebidas Gatunas,Licuados & Malteadas,,CHOCOBANA LICUADOS,,Alimentos y bebidas preparados,35,,,No,No,Si,,,No,Si,3500000,,,
115,Bebidas Gatunas,Licuados & Malteadas,,CHOCOLATE LICUADOS,,Alimentos y bebidas preparados,35,,,Si,No,Si,,,No,Si,4400000,,,
112,Bebidas Gatunas,Licuados & Malteadas,,CHOCOLATE MALTEADAS,,Alimentos y bebidas preparados,0,,,Si,No,Si,,,No,No,4500000,,,
113,Bebidas Gatunas,Licuados & Malteadas,,COOKIES & CREAM MALTEADAS,,Alimentos y bebidas preparados,0,,,Si,No,Si,,,No,No,5200000,,,
120,Bebidas Gatunas,Licuados & Malteadas,,FRESA CREMOSA LICUADOS,,Alimentos y bebidas preparados,35,,,Si,No,Si,,,No,Si,6200000,,,
111,Bebidas Gatunas,Licuados & Malteadas,,FRESA MALTEADAS,,Alimentos y bebidas preparados,0,,,Si,No,Si,,,No,No,6300000,,,
117,Bebidas Gatunas,Licuados & Malteadas,,FRUTOS ROJOS LICUADOS,,Alimentos y bebidas preparados,35,,,Si,No,Si,,,No,Si,7000000,,,
419,Bebidas Gatunas,Licuados & Malteadas,,LECHE DESLACTOSADA LIGHT,,Alimentos y bebidas preparados,0,,,Si,No,Si,,,No,No,28800000,,,
420,Bebidas Gatunas,Licuados & Malteadas,LICU,LICUADO GATUNO,,Alimentos y bebidas preparados,35,,,No,No,Si,,,Si,No,28900000,,,
312,Bebidas Gatunas,Licuados & Malteadas,MAL,MALTEADA GATUNA,,Alimentos y bebidas preparados,65,9.22744,,Si,Si,Si,,55.77256,Si,Si,19500000,,,
408,Bebidas Gatunas,Licuados & Malteadas,SMOT,SMOOTHIE,,Alimentos y bebidas preparados,50,,,No,No,Si,,,Si,Si,27800000,,,
409,Bebidas Gatunas,Licuados & Malteadas,SMO_FR,SMOOTHIE FRESA,,Alimentos y bebidas preparados,60,,,Si,No,Si,,,Si,Si,27900000,,,
653,Bebidas Gatunas,Licuados & Malteadas,SMO_MA,SMOOTHIE MANGO,,Alimentos y bebidas preparados,60,,,Si,No,Si,,,Si,Si,52000000,,,
119,Bebidas Gatunas,Licuados & Malteadas,,VAINIBANANA LICUADOS,,Alimentos y bebidas preparados,37,,,No,No,Si,,,No,Si,15100000,,,
116,Bebidas Gatunas,Licuados & Malteadas,,VAINILLA LICUADOS,,Alimentos y bebidas preparados,30,,,No,No,Si,,,No,Si,15400000,,,
114,Bebidas Gatunas,Licuados & Malteadas,,VAINILLA MALTEADAS,,Alimentos y bebidas preparados,0,,,Si,No,Si,,,No,No,15500000,,,
392,Bebidas Gatunas,Licuados & Malteadas,VAQ,Vaquitas,,Alimentos y bebidas preparados,20,6,,No,No,Si,,14,No,Si,26900000,,,
681,Bebidas Gatunas,Mojito,,AMORE MIO - MOJITO,,Alimentos y bebidas preparados,80,,,Si,No,Si,,,No,Si,54800000,,,
682,Bebidas Gatunas,Mojito,,BLUE BUTTERFLY - MOJITO,,Alimentos y bebidas preparados,80,,,Si,No,Si,,,No,Si,54900000,,,
683,Bebidas Gatunas,Mojito,,DALGI - MOJITO,,Alimentos y bebidas preparados,80,,,Si,No,Si,,,No,Si,55000000,,,
684,Bebidas Gatunas,Mojito,,MANGO GO - MOJITO,,Alimentos y bebidas preparados,80,,,Si,No,Si,,,No,Si,55100000,,,
456,Bebidas Gatunas,Refrescos,,ARIZONA,,Alimentos y bebidas preparados,20,14.08,,No,No,Si,12,5.92,No,No,32400000,,,
309,Bebidas Gatunas,Refrescos,,COCA COLA 355ml,,Alimentos y bebidas preparados,25,13,,Si,No,Si,22,12,No,Si,19200000,,,
308,Bebidas Gatunas,Refrescos,,COCA COLA 600 ML,,Alimentos y bebidas preparados,25,18,,No,No,Si,,7,No,Si,19300000,,,
394,Bebidas Gatunas,Refrescos,,MANZANITA DELICIOSA MINI,,Alimentos y bebidas preparados,15,5.63,,No,No,Si,,9.37,No,Si,27100000,,,
391,Bebidas Gatunas,Refrescos,,SANGRIA 400ML,,Alimentos y bebidas preparados,20,,,Si,No,Si,,,No,Si,26800000,,,
83,Bebidas Gatunas,Sodas Explosivas,,BUBALOO - Sodas explosivas,,Alimentos y bebidas preparados,0,5.106,,Si,No,Si,,-5.106,No,No,1400000,,,
403,Bebidas Gatunas,Sodas Explosivas,,CEREZA NEGRA - Perlas explosivas,,Alimentos y bebidas preparados,0,,,Si,No,Si,,,No,No,27600000,,,
763,Bebidas Gatunas,Sodas Explosivas,,Cereza - Perlas explosivas,,Alimentos y bebidas preparados,0,,,Si,No,Si,,,No,Si,62700000,,,
81,Bebidas Gatunas,Sodas Explosivas,,CEREZA - Sodas explosivas,,Alimentos y bebidas preparados,0,,,Si,No,Si,,,No,No,2600000,,,
93,Bebidas Gatunas,Sodas Explosivas,,Chicle - Perlas explosivas,,Alimentos y bebidas preparados,0,,,Si,No,Si,,,No,No,3200000,,,
82,Bebidas Gatunas,Sodas Explosivas,,CHICLE - Sodas explosivas,,Alimentos y bebidas preparados,0,,,Si,No,Si,,,No,No,3300000,,,
304,Bebidas Gatunas,Sodas Explosivas,,CHOCOLATE - Perlas explosivas,,Alimentos y bebidas preparados,0,,,Si,No,Si,,,No,No,18800000,,,
449,Bebidas Gatunas,Sodas Explosivas,,DURAZNO - Sodas explosivas,,Alimentos y bebidas preparados,0,,,Si,No,Si,,,No,Si,31700000,,,
84,Bebidas Gatunas,Sodas Explosivas,,FRAMBUESA - Sodas explosivas,,Alimentos y bebidas preparados,0,,,Si,No,Si,,,No,No,6000000,,,
94,Bebidas Gatunas,Sodas Explosivas,,Fresa - Perlas explosivas,,Alimentos y bebidas preparados,0,,,Si,No,Si,-39,,No,Si,6600000,,,
85,Bebidas Gatunas,Sodas Explosivas,,FRESA - Sodas explosivas,,Alimentos y bebidas preparados,0,,,Si,No,Si,,,No,No,6700000,,,
98,Bebidas Gatunas,Sodas Explosivas,,KIWI - Perlas explosivas,,Alimentos y bebidas preparados,0,,,Si,No,Si,,,No,No,8300000,,,
86,Bebidas Gatunas,Sodas Explosivas,,KIWI - Sodas explosivas,,Alimentos y bebidas preparados,0,,,Si,No,Si,,,No,No,8400000,,,
99,Bebidas Gatunas,Sodas Explosivas,,LITCHI - Perlas explosivas,,Alimentos y bebidas preparados,0,,,Si,No,Si,,,No,No,9100000,,,
87,Bebidas Gatunas,Sodas Explosivas,,LITCHI - Sodas explosivas,,Alimentos y bebidas preparados,0,,,Si,No,Si,,,No,No,9200000,,,
96,Bebidas Gatunas,Sodas Explosivas,,MANGO - Perlas explosivas,,Alimentos y bebidas preparados,0,,,Si,No,Si,,,No,No,9600000,,,
88,Bebidas Gatunas,Sodas Explosivas,,MANGO - Sodas explosivas,,Alimentos y bebidas preparados,0,,,Si,No,Si,,,No,No,9700000,,,
95,Bebidas Gatunas,Sodas Explosivas,,MANZANA VERDE - Perlas explosivas,,Alimentos y bebidas preparados,0,,,Si,No,Si,,,No,No,9800000,,,
90,Bebidas Gatunas,Sodas Explosivas,,MANZANA VERDE - Sodas explosivas,,Alimentos y bebidas preparados,0,,,Si,No,Si,,,No,No,9900000,,,
91,Bebidas Gatunas,Sodas Explosivas,,MARACUYA - Sodas explosivas,,Alimentos y bebidas preparados,0,,,Si,No,Si,,,No,No,10400000,,,
97,Bebidas Gatunas,Sodas Explosivas,,MORA AZUL - Perlas explosivas,,Alimentos y bebidas preparados,0,,,Si,No,Si,,,No,No,11400000,,,
89,Bebidas Gatunas,Sodas Explosivas,,MORA AZUL - Sodas explosivas,,Alimentos y bebidas preparados,0,,,Si,No,Si,,,No,No,11500000,,,
479,Bebidas Gatunas,Sodas Explosivas,,NEON FRUTOS ROJOS - Sodas explosivas,,Alimentos y bebidas preparados,0,,,Si,No,Si,,,No,No,34600000,,,
480,Bebidas Gatunas,Sodas Explosivas,,NEON MANZANA VERDE - Sodas explosivas,,Alimentos y bebidas preparados,0,,,Si,No,Si,,,No,No,34700000,,,
481,Bebidas Gatunas,Sodas Explosivas,,NEON MORA AZUL - Sodas explosivas,,Alimentos y bebidas preparados,0,,,Si,No,Si,,,No,No,34800000,,,
92,Bebidas Gatunas,Sodas Explosivas,,SANDÍA - Sodas explosivas,,Alimentos y bebidas preparados,0,,,Si,No,Si,,,No,No,14200000,,,
316,Bebidas Gatunas,Sodas Explosivas,SOD,SODA EXPLOSIVA,,Alimentos y bebidas preparados,30,5.11,,Si,Si,Si,,24.89,Si,Si,19800000,,,
100,Bebidas Gatunas,Sodas Explosivas,,YOGURTH - Perlas explosivas,,Alimentos y bebidas preparados,0,,,Si,No,Si,,,No,Si,15600000,,,
203,Boneless Y Alitas,,AL_CH,ALITAS CH - 250g,,Alimentos y bebidas preparados,99.98,38.82,,Si,Si,Si,,61.16,Si,Si,1100000,,,
328,Boneless Y Alitas,,AL_G,ALITAS G - 500g,,Alimentos y bebidas preparados,189.98,80.55,,Si,Si,Si,,109.43,Si,Si,20900000,,,
406,Boneless Y Alitas,,AL_J,ALITAS J - 1 Kg,,Alimentos y bebidas preparados,299.98,148.975,,Si,Si,Si,,151.005,Si,Si,27700000,,,
202,Boneless Y Alitas,,,ALITAS LEMON PEPPER 270GR,,Alimentos y bebidas preparados,95,,,No,No,No,,,No,No,8800000,,,
326,Boneless Y Alitas,,AL_M,ALITAS M - 370g,,Alimentos y bebidas preparados,149.98,56.115,,Si,Si,Si,,93.865,Si,Si,20600000,,,
286,Boneless Y Alitas,,BO_CH,BONELESS CH - 250g,,Alimentos y bebidas preparados,119.98,72.12854,,Si,Si,Si,,47.85146,Si,Si,17000000,,,
318,Boneless Y Alitas,,BO_G,BONELESS G - 500g,,Alimentos y bebidas preparados,219.98,177.82815,,Si,Si,Si,,42.15185,Si,Si,20000000,,,
405,Boneless Y Alitas,,BO_J,BONELESS J - 1 Kg,,Alimentos y bebidas preparados,394.98,175.80055,,Si,Si,Si,,219.17945,Si,Si,20700000,,,
404,Boneless Y Alitas,,BO_M,BONELESS M - 370g,,Alimentos y bebidas preparados,174.98,65.96805,,Si,Si,Si,,109.01195,Si,Si,17100000,,,
324,Boneless Y Alitas,,,COMBO ALITAS GATO FRIEND ZONE (250gr),,Alimentos y bebidas preparados,125,,,No,No,Si,,,Si,Si,20400000,,,
325,Boneless Y Alitas,,,COMBO ALITAS GATO MIMADO (500gr),,Alimentos y bebidas preparados,250,,,No,No,Si,,,Si,Si,20500000,,,
307,Boneless Y Alitas,,CO_BO250,COMBO BONELESS GATO FRIEND ZONE (250GR),,Alimentos y bebidas preparados,125,43.99305,,No,No,Si,,81.00695,Si,Si,19100000,,,
323,Boneless Y Alitas,,CO_BO500,COMBO BONELESS GATO MIMADO (500gr),,Alimentos y bebidas preparados,250,84.3424,,No,No,Si,,165.6576,Si,Si,20300000,,,
747,Boneless Y Alitas,,TE_5,TENDERS 5 PZ,,Alimentos y bebidas preparados,119.98,66.81564,,Si,No,Si,,53.16436,Si,Si,61100000,,,
461,Boneless Y Alitas,SALSAS BONELESS,,AJO PARMESANO CH,,Alimentos y bebidas preparados,0,,,Si,No,No,,,No,No,32900000,,,
650,Boneless Y Alitas,SALSAS BONELESS,,AJO PARMESANO G,,Alimentos y bebidas preparados,0,71.05,,Si,No,Si,,-71.05,No,No,51700000,,,
426,Boneless Y Alitas,SALSAS BONELESS,,BBQ A LA DIABLA SALSA CH,,Alimentos y bebidas preparados,0,3.48,,Si,No,Si,,-3.48,No,No,29400000,,,
427,Boneless Y Alitas,SALSAS BONELESS,,BBQ A LA DIABLA SALSA G,,Alimentos y bebidas preparados,0,5.22,,No,No,Si,,-5.22,No,Si,29500000,,,
295,Boneless Y Alitas,SALSAS BONELESS,,BBQ CHIPOTLE SALSA CH,,Alimentos y bebidas preparados,0,,Mr Wings,No,No,Si,,,No,No,18000000,,,
330,Boneless Y Alitas,SALSAS BONELESS,,BBQ CHIPOTLE SALSA G,,Alimentos y bebidas preparados,0,,Mr Wings,Si,No,Si,,,No,No,21100000,,,
298,Boneless Y Alitas,SALSAS BONELESS,,BBQ HABANERO SALSA CH,,Alimentos y bebidas preparados,0,4.263,Mr Wings,Si,No,Si,,-4.263,No,No,18300000,,,
331,Boneless Y Alitas,SALSAS BONELESS,,BBQ HABANERO SALSA G,,Alimentos y bebidas preparados,0,6.3945,Mr Wings,Si,No,Si,,-6.3945,No,No,21200000,,,
287,Boneless Y Alitas,SALSAS BONELESS,,BBQ SALSA CH,,Alimentos y bebidas preparados,0,2.9274,Mr Wings,Si,No,Si,,-2.9274,No,No,17200000,,,
332,Boneless Y Alitas,SALSAS BONELESS,,BBQ SALSA G,,Alimentos y bebidas preparados,0,4.3911,Mr Wings,Si,No,Si,,-4.3911,No,No,21300000,,,
369,Boneless Y Alitas,SALSAS BONELESS,,BONELESS LEMON PEPPER CH,,Alimentos y bebidas preparados,0,4.0896,,No,No,Si,,-4.0896,No,No,24600000,,,
370,Boneless Y Alitas,SALSAS BONELESS,,BONELESS LEMON PEPPER G,,Alimentos y bebidas preparados,0,6.1344,,No,No,Si,,-6.1344,No,No,24700000,,,
727,Boneless Y Alitas,SALSAS BONELESS,,BÚFALO CHAMPI SALSA CH,,Alimentos y bebidas preparados,0,3.6946,,Si,No,Si,,-3.6946,No,No,59100000,,,
728,Boneless Y Alitas,SALSAS BONELESS,,BÚFALO CHAMPI SALSA G,,Alimentos y bebidas preparados,0,5.51348,,Si,No,Si,,-5.51348,No,No,59200000,,,
291,Boneless Y Alitas,SALSAS BONELESS,,BÚFALO SALSA CH,,Alimentos y bebidas preparados,0,3.5238,Mr Wings,Si,No,Si,,-3.5238,No,No,17600000,,,
333,Boneless Y Alitas,SALSAS BONELESS,,BÚFALO SALSA G,,Alimentos y bebidas preparados,0,5.2857,Mr Wings,Si,No,Si,,-5.2857,No,No,21400000,,,
290,Boneless Y Alitas,SALSAS BONELESS,,CAJÚN SALSA CH,,Alimentos y bebidas preparados,0,4.2474,Mr Wings,Si,No,Si,,-4.2474,No,No,17500000,,,
334,Boneless Y Alitas,SALSAS BONELESS,,CAJÚN SALSA G,,Alimentos y bebidas preparados,0,6.3711,Mr Wings,Si,No,Si,,-6.3711,No,No,21500000,,,
652,Boneless Y Alitas,SALSAS BONELESS,,CATSUP SIN AZUCAR,,Alimentos y bebidas preparados,0,50,,No,No,No,0,-50,No,No,51900000,,,
288,Boneless Y Alitas,SALSAS BONELESS,,CHINGU TERIYAKI SALSA CH,,Alimentos y bebidas preparados,0,4.1052,Mr Wings,Si,No,Si,,-4.1052,No,No,17300000,,,
335,Boneless Y Alitas,SALSAS BONELESS,,CHINGU TERIYAKI SALSA G,,Alimentos y bebidas preparados,0,6.1578,Mr Wings,Si,No,Si,,-6.1578,No,No,21600000,,,
362,Boneless Y Alitas,SALSAS BONELESS,,FLAMIN HOT SALSA CH,,Alimentos y bebidas preparados,0,3.48,,Si,No,Si,,-3.48,No,No,23900000,,,
366,Boneless Y Alitas,SALSAS BONELESS,,FLAMIN HOT SALSA G,,Alimentos y bebidas preparados,0,5.22,,Si,No,Si,,-5.22,No,No,24300000,,,
361,Boneless Y Alitas,SALSAS BONELESS,,FRESA SPICY SALSA CH,,Alimentos y bebidas preparados,0,3.48,,Si,No,Si,,-3.48,No,No,23800000,,,
364,Boneless Y Alitas,SALSAS BONELESS,,FRESA SPICY SALSA G,,Alimentos y bebidas preparados,0,5.22,,Si,No,Si,,-5.22,No,No,24100000,,,
363,Boneless Y Alitas,SALSAS BONELESS,,JALAPEÑO SPICY SALSA CH,,Alimentos y bebidas preparados,0,3.48,,Si,No,Si,,-3.48,No,No,24000000,,,
367,Boneless Y Alitas,SALSAS BONELESS,,JALAPEÑO SPICY SALSA G,,Alimentos y bebidas preparados,0,5.22,,Si,No,Si,,-5.22,No,No,24400000,,,
382,Boneless Y Alitas,SALSAS BONELESS,,KRAZY HOT SALSA CH,,Alimentos y bebidas preparados,0,4.4052,,Si,No,Si,,-4.4052,No,No,25900000,,,
383,Boneless Y Alitas,SALSAS BONELESS,,KRAZY HOT SALSA G,,Alimentos y bebidas preparados,0,6.6078,,Si,No,Si,,-6.6078,No,No,26000000,,,
352,Boneless Y Alitas,SALSAS BONELESS,,LEMON PEPPER SAZONADOR CH,,Alimentos y bebidas preparados,5,6.6,Mr Wings,Si,No,Si,,-1.6,No,No,23100000,,,
353,Boneless Y Alitas,SALSAS BONELESS,,LEMON PEPPER SAZONADOR G,,Alimentos y bebidas preparados,10,9.9,,Si,No,Si,,0.1,No,No,23200000,,,
735,Boneless Y Alitas,SALSAS BONELESS,,LOUISIANA SALSA CH,,Alimentos y bebidas preparados,0,4.7256,,Si,No,Si,,-4.7256,No,No,59900000,,,
360,Boneless Y Alitas,SALSAS BONELESS,,MANGO GUAJILLO SALSA CH,,Alimentos y bebidas preparados,0,3.48,,Si,No,Si,,-3.48,No,No,23700000,,,
365,Boneless Y Alitas,SALSAS BONELESS,,MANGO GUAJILLO SALSA G,,Alimentos y bebidas preparados,0,5.22,,Si,No,Si,,-5.22,No,No,24200000,,,
296,Boneless Y Alitas,SALSAS BONELESS,,MANGO HABANERO SALSA CH,,Alimentos y bebidas preparados,0,3.4266,Mr Wings,Si,No,Si,,-3.4266,No,No,18100000,,,
336,Boneless Y Alitas,SALSAS BONELESS,,MANGO HABANERO SALSA G,,Alimentos y bebidas preparados,0,5.1399,Mr Wings,Si,No,Si,,-5.1399,No,No,21700000,,,
733,Boneless Y Alitas,SALSAS BONELESS,,MANGO HABANERO X2 SALSA CH,,Alimentos y bebidas preparados,0,5.8134,,Si,No,Si,,-5.8134,No,No,59700000,,,
734,Boneless Y Alitas,SALSAS BONELESS,,MANGO HABANERO X2 SALSA G,,Alimentos y bebidas preparados,0,8.7201,,Si,No,Si,,-8.7201,No,No,59800000,,,
292,Boneless Y Alitas,SALSAS BONELESS,,MANGO HOT SALSA CH,,Alimentos y bebidas preparados,0,3.6318,Mr Wings,Si,No,Si,,-3.6318,No,No,17700000,,,
337,Boneless Y Alitas,SALSAS BONELESS,,MANGO HOT SALSA G,,Alimentos y bebidas preparados,0,5.4477,Mr Wings,Si,No,Si,,-5.4477,No,No,21800000,,,
329,Boneless Y Alitas,SALSAS BONELESS,,MEZCAT SALSA CH,,Alimentos y bebidas preparados,0,4.4208,Mr Wings,No,No,Si,,-4.4208,No,No,21000000,,,
338,Boneless Y Alitas,SALSAS BONELESS,,MEZCAT SALSA G,,Alimentos y bebidas preparados,0,6.6312,Mr Wings,No,No,Si,,-6.6312,No,No,21900000,,,
294,Boneless Y Alitas,SALSAS BONELESS,,NARANJA CHIPOTLE SALSA CH,,Alimentos y bebidas preparados,0,4.263,Mr Wings,No,No,Si,,-4.263,No,No,17900000,,,
339,Boneless Y Alitas,SALSAS BONELESS,,NARANJA CHIPOTLE SALSA G,,Alimentos y bebidas preparados,0,6.3945,Mr Wings,No,No,Si,,-6.3945,No,No,22000000,,,
300,Boneless Y Alitas,SALSAS BONELESS,,Opcional Genérico,,Alimentos y bebidas preparados,0,,,Si,No,No,,,No,Si,22100000,,,
293,Boneless Y Alitas,SALSAS BONELESS,,ORIGINAL HOT SALSA CH,,Alimentos y bebidas preparados,0,3.1578,Mr Wings,Si,No,Si,,-3.1578,No,No,17800000,,,
340,Boneless Y Alitas,SALSAS BONELESS,,ORIGINAL HOT SALSA G,,Alimentos y bebidas preparados,0,6.3156,Mr Wings,Si,No,Si,,-6.3156,No,No,22200000,,,
445,Boneless Y Alitas,SALSAS BONELESS,,PELONRICO GATUNO SALSA CH,,Alimentos y bebidas preparados,0,,,Si,No,Si,,,No,Si,31300000,,,
446,Boneless Y Alitas,SALSAS BONELESS,,PELONRICO GATUNO SALSA G,,Alimentos y bebidas preparados,0,,,Si,No,Si,,,No,Si,31400000,,,
299,Boneless Y Alitas,SALSAS BONELESS,,Producto Genérico,,Alimentos y bebidas preparados,0,,,Si,No,No,,,No,Si,22300000,,,
535,Boneless Y Alitas,SALSAS BONELESS,,SALSA BRAVA CH,,Alimentos y bebidas preparados,0,,,No,No,Si,,,No,No,40200000,,,
534,Boneless Y Alitas,SALSAS BONELESS,,SALSA BRAVA G,,Alimentos y bebidas preparados,0,,,No,No,Si,,,No,No,40100000,,,
651,Boneless Y Alitas,SALSAS BONELESS,,SAZONADOR FUEGO,,Alimentos y bebidas preparados,0,420,,Si,No,Si,0,-420,No,No,51800000,,,
297,Boneless Y Alitas,SALSAS BONELESS,,SRIRACHA SALSA CH,,Alimentos y bebidas preparados,0,6.279,Mr Wings,No,No,Si,,-6.279,No,No,18200000,,,
341,Boneless Y Alitas,SALSAS BONELESS,,SRIRACHA SALSA G,,Alimentos y bebidas preparados,0,9.4185,Mr Wings,No,No,Si,,-9.4185,No,No,22400000,,,
289,Boneless Y Alitas,SALSAS BONELESS,,TAMARINDO SALSA CH,,Alimentos y bebidas preparados,0,4.263,Mr Wings,Si,No,Si,,-4.263,No,No,17400000,,,
342,Boneless Y Alitas,SALSAS BONELESS,,TAMARINDO SALSA G,,Alimentos y bebidas preparados,0,6.3945,Mr Wings,Si,No,Si,,-6.3945,No,No,22500000,,,
675,Boneless Y Alitas,SALSAS BONELESS,,ZARZAMORA CHIPOTLE SALSA CH,,Alimentos y bebidas preparados,0,,,Si,No,Si,,,No,No,54200000,,,
676,Boneless Y Alitas,SALSAS BONELESS,,ZARZAMORA CHIPOTLE SALSA G,,Alimentos y bebidas preparados,0,,,Si,No,Si,,,No,No,54300000,,,
621,Chamoyadas,,,Chamoyada Fresa Sandía,,Alimentos y bebidas preparados,72,,,No,No,No,,,No,No,48800000,,,
619,Chamoyadas,,,Chamoyada Mango,,Alimentos y bebidas preparados,72,,,No,No,No,,,No,No,48600000,,,
622,Chamoyadas,,,Chamoyada Maracuyá,,Alimentos y bebidas preparados,72,,,No,No,No,,,No,No,48900000,,,
620,Chamoyadas,,,Chamoyada Picafresa,,Alimentos y bebidas preparados,72,,,No,No,No,,,No,No,48700000,,,
746,COMBOS,,,COMBO COREAN,,Alimentos y bebidas preparados,100,,,Si,No,Si,,,Si,Si,61000000,,,
654,Comida Asiática,Alimentos en bolsa,,PREPARADO LLEVAR,,Alimentos y bebidas preparados,15,2.2978,,Si,No,No,,12.7022,No,No,52100000,,,
355,Comida Asiática,Alimentos en bolsa,,RAMEN CARBONARA - BULDAK,,Alimentos y bebidas preparados,65,27.6,ML - TOYO FOODS,Si,No,Si,,37.4,Si,Si,10125000,,,
434,Comida Asiática,Alimentos en bolsa,,RAMEN CHAPAGETTI - NONGSHIM,"Versión de Nongshim de los fideos Jjajangmyun, un plato de fideos inmensamente popular en Corea.",Alimentos y bebidas preparados,60,32.2,Asiaon Mart,No,No,Si,0,27.8,No,Si,30200000,,,
691,Comida Asiática,Alimentos en bolsa,,RAMEN CHEESE - OTTOGI,,Alimentos y bebidas preparados,60,40,,Si,No,Si,,20,Si,Si,55800000,,,
441,Comida Asiática,Alimentos en bolsa,,RAMEN CREAM CARBONARA - BULDAK,,Alimentos y bebidas preparados,65,39,DOKSURI,Si,No,Si,,26,Si,Si,30900000,,,
655,Comida Asiática,Alimentos en bolsa,,RAMEN CURRY - BULDAK,,Alimentos y bebidas preparados,60,29,,Si,No,Si,,31,No,Si,52200000,,,
195,Comida Asiática,Alimentos en bolsa,,RAMEN HABANERO LIMON - BULDAK,,Alimentos y bebidas preparados,60,33.33,ML - TOYO FOODS,No,No,Si,,26.67,Si,Si,13500000,,,
193,Comida Asiática,Alimentos en bolsa,,RAMEN HOT CHICKEN 2X - BULDAK,,Alimentos y bebidas preparados,65,39,,Si,No,Si,,26,Si,Si,13700000,,,
358,Comida Asiática,Alimentos en bolsa,,RAMEN HOT CHICKEN 3X - BULDAK,,Alimentos y bebidas preparados,65,35,,Si,No,Si,,30,Si,Si,13750000,,,
192,Comida Asiática,Alimentos en bolsa,,RAMEN HOT CHICKEN - BULDAK,,Alimentos y bebidas preparados,65,39.93,ML - TOYO FOODS,Si,No,Si,,25.07,Si,Si,13600000,,,
194,Comida Asiática,Alimentos en bolsa,,RAMEN HOT CHICKEN CHEESE - BULDAK,,Alimentos y bebidas preparados,60,29.95,,Si,No,Si,,30.05,Si,Si,13800000,,,
639,Comida Asiática,Alimentos en bolsa,,RAMEN HOT PEPPER - BULDAK,,Alimentos y bebidas preparados,60,35,Asiaon Mart,Si,No,Si,,25,Si,Si,50600000,,,
458,Comida Asiática,Alimentos en bolsa,,RAMEN JIN - OTTOGI,,Alimentos y bebidas preparados,60,24,,No,No,Si,,36,Si,Si,32600000,,,
440,Comida Asiática,Alimentos en bolsa,,RAMEN JIN SPICY - OTTOGI,,Alimentos y bebidas preparados,60,30,DOKSURI,No,No,Si,0,30,No,Si,30800000,,,
646,Comida Asiática,Alimentos en bolsa,,RAMEN JJAJANG - BULDAK,,Alimentos y bebidas preparados,60,32,,Si,No,Si,,28,Si,Si,51300000,,,
670,Comida Asiática,Alimentos en bolsa,,RAMEN KIMCHI - BULDAK,,Alimentos y bebidas preparados,60,35,,Si,No,Si,,25,Si,Si,53700000,,,
648,Comida Asiática,Alimentos en bolsa,,RAMEN KIMCHI - OTTOGI,,Alimentos y bebidas preparados,60,24,,Si,No,Si,,36,Si,Si,51500000,,,
739,Comida Asiática,Alimentos en bolsa,,RAMEN KIMCHI - PALDO,,Alimentos y bebidas preparados,65,33.25,Asiaon Mart,Si,No,Si,,31.75,Si,Si,60300000,,,
425,Comida Asiática,Alimentos en bolsa,,RAMEN KIMCHI - SAMYANG,,Alimentos y bebidas preparados,60,30,,Si,No,Si,,30,Si,Si,21050000,,,
447,Comida Asiática,Alimentos en bolsa,,RAMEN LOVELY HOT CHICKEN - BULDAK,,Alimentos y bebidas preparados,65,36,ML - TOYO FOODS,Si,No,Si,,29,Si,Si,31500000,,,
457,Comida Asiática,Alimentos en bolsa,,RAMEN QUATTRO CHEESE - BULDAK,,Alimentos y bebidas preparados,65,39,,Si,No,Si,,26,Si,Si,32500000,,,
443,Comida Asiática,Alimentos en bolsa,,RAMEN ROSÉ - BULDAK,,Alimentos y bebidas preparados,65,35,DOKSURI,Si,No,Si,,30,Si,Si,31100000,,,
357,Comida Asiática,Alimentos en bolsa,,RAMEN SAMYANG ORIGINAL - SAMYANG,,Alimentos y bebidas preparados,60,38.64,Asiaon Mart,Si,No,Si,,21.36,Si,Si,19825000,,,
356,Comida Asiática,Alimentos en bolsa,,RAMEN SHIN KIMCHI - NONGSHIM,,Alimentos y bebidas preparados,60,35,,No,No,Si,0,25,No,Si,18600000,,,
191,Comida Asiática,Alimentos en bolsa,,RAMEN SHIN RAMYUN - NONGSHIM,,Alimentos y bebidas preparados,60,38.75,,Si,No,Si,,21.25,Si,Si,13900000,,,
444,Comida Asiática,Alimentos en bolsa,,RAMEN TOMATO HOT CHICKEN - BULDAK,,Alimentos y bebidas preparados,60,35,,Si,No,Si,,25,Si,Si,31200000,,,
442,Comida Asiática,Alimentos en bolsa,,RAMEN YAKISOBA HOT CHICKEN -BULDAK,,Alimentos y bebidas preparados,60,34,DOKSURI,Si,No,Si,,26,Si,Si,31000000,,,
428,Comida Asiática,Alimentos en bolsa,,TTEOKBOKKI BULDAK - ORIGINAL,Combina el delicioso sabor de su salsa picante con el tradicional pastel de arroz,Alimentos y bebidas preparados,100,63,,No,No,Si,4,37,No,Si,29600000,,,
431,Comida Asiática,Alimentos en bolsa,,TTEOKBOKKI CJ BIBIGO - 125 g HOT & SPICY,"Pastelitos de arroz bañados en una deliciosa salsa picante sazonada con sal, ajo y especias, contiene leche y soja.",Alimentos y bebidas preparados,90,54.28,,No,No,Si,1,35.72,No,Si,29900000,,,
433,Comida Asiática,Alimentos en bolsa,,TTEOKBOKKI CJ BIBIGO - 125 G SWEET & SPICY,"Pastelitos de arroz bañados en una deliciosa salsa dulce y picante sazonada con sal, ajo y especias, contiene leche y soja.",Alimentos y bebidas preparados,90,54.28,Asiaon Mart,No,No,Si,2,35.72,No,Si,30100000,,,
430,Comida Asiática,Alimentos en bolsa,,TTEOKBOKKI CJ BIBIGO - 360 g HOT & SPICY,"Pastelitos de arroz bañados en una deliciosa salsa picante sazonada con sal, ajo y especias, contiene leche y soja.",Alimentos y bebidas preparados,110,98.44,,No,No,Si,10,11.56,No,Si,29800000,,,
432,Comida Asiática,Alimentos en bolsa,,TTEOKBOKKI CJ BIBIGO - 360 g Sweet & Spicy,"Pastelitos de arroz bañados en una deliciosa salsa dulce y picante sazonada con sal, ajo y especias, contiene leche y soja.",Alimentos y bebidas preparados,110,98.44,Asiaon Mart,No,No,Si,3,11.56,No,Si,30000000,,,
354,Comida Asiática,Alimentos preparados,,PREPARADO LOCAL,,Alimentos y bebidas preparados,15,,,Si,No,No,,,No,No,6800000,,,
647,Comida Asiática,Alimentos preparados,,TEST RAMEN PREPARADO,,Alimentos y bebidas preparados,5,,,No,No,Si,,,No,No,51400000,,,
429,Comida Asiática,Alimentos preparados,TTE,TTEOKBOKKI PREPARADO,"Pastelitos de arroz bañados en una deliciosa salsa picante sazonada con sal, ajo y especias, contiene leche y soja.",Alimentos y bebidas preparados,90,,,No,No,No,,,Si,Si,29700000,,,
349,Crepas,Crepas Especiales,CRE_CT,CONEJITO TURIN CREPA,,Alimentos y bebidas preparados,70,27.0896174,,Si,No,Si,,42.9103826,No,Si,22800000,,,
160,Crepas,Crepas Especiales,CRE_F,FERRERO CREPA,,Alimentos y bebidas preparados,70,37.8227174,,Si,No,Si,,32.1772826,No,Si,5900000,,,
766,Crepas,Crepas Especiales,CREP_KBUE,KINDER BUENO - CREPA,,Alimentos y bebidas preparados,75,33.7580174,,Si,No,Si,,41.2419826,Si,Si,63000000,,,
752,Crepas,Crepas Especiales,CREP_KDEL,KINDER DELICE - CREPA,,Alimentos y bebidas preparados,70,26.0280174,,Si,No,Si,,43.9719826,Si,Si,61600000,,,
161,Crepas,Crepas Especiales,CRE_K,KIT KAT CREPA,,Alimentos y bebidas preparados,70,11.2496174,,Si,No,Si,,58.7503826,No,Si,8100000,,,
755,Crepas,Crepas Gatunas,,ALMENDRAS - Decoración crepa,,Alimentos y bebidas preparados,5,4.5,,Si,No,Si,,0.5,No,Si,61900000,,,
159,Crepas,Crepas Gatunas,,¡ARMA LA TUYA!,,Alimentos y bebidas preparados,32,,,No,No,Si,,,Si,No,900000,,,
541,Crepas,Crepas Gatunas,,AZÚCAR GLASS - Decoración crepa,,Alimentos y bebidas preparados,0,,,Si,No,No,,,No,No,40800000,,,
757,Crepas,Crepas Gatunas,CREP_CAJ,CAJETA - CREPA,,Alimentos y bebidas preparados,35,8.4696174,,Si,No,Si,,26.5303826,Si,Si,62100000,,,
150,Crepas,Crepas Gatunas,,CAJETA - Toppings crepa,,Alimentos y bebidas preparados,0,,,Si,No,Si,,,No,No,1600000,,,
540,Crepas,Crepas Gatunas,,CANELA - Decoración Crepa,,Alimentos y bebidas preparados,0,,,Si,No,Si,,,No,No,40700000,,,
176,Crepas,Crepas Gatunas,,CHAMPIÑONES CREPA,,Alimentos y bebidas preparados,15,75.68,,Si,No,Si,,-60.68,No,No,3000000,,,
482,Crepas,Crepas Gatunas,,CHISPAS DE CHOCOLATE - Decoración crepa,,Alimentos y bebidas preparados,0,4.95,,Si,No,Si,,-4.95,No,No,34900000,,,
166,Crepas,Crepas Gatunas,,CHOCOBANANA,,Alimentos y bebidas preparados,40,,,No,No,Si,,,No,Si,3600000,,,
152,Crepas,Crepas Gatunas,,CHOCOLATE LIQ HERSEY - Toppings crepa,,Alimentos y bebidas preparados,0,,,Si,No,Si,,,No,No,3800000,,,
765,Crepas,Crepas Gatunas,,CHOCOMENTAS - Decoración crepa,,Alimentos y bebidas preparados,0,1.27358,,Si,No,Si,,-1.27358,No,No,62900000,,,
762,Crepas,Crepas Gatunas,CREP_CBAT,CREMA BATIDA - CREPA,,Alimentos y bebidas preparados,35,8.4696174,,Si,No,Si,,26.5303826,Si,Si,62600000,,,
754,Crepas,Crepas Gatunas,,CREMA BATIDA - Toppings crepa,,Alimentos y bebidas preparados,0,,,Si,No,Si,,,No,No,61800000,,,
761,Crepas,Crepas Gatunas,CREP_PAST,CREMA PASTELERA - CREPPA,,Alimentos y bebidas preparados,35,,,Si,Si,Si,,,No,Si,62500000,,,
153,Crepas,Crepas Gatunas,,CREMA PASTELERA - Toppings crepa,,Alimentos y bebidas preparados,0,,,Si,No,Si,,,No,No,5300000,,,
162,Crepas,Crepas Gatunas,CRE_2,CREPA 2 INGREDIENTES,,Alimentos y bebidas preparados,40,,,No,No,No,,,No,No,4900000,,,
517,Crepas,Crepas Gatunas,,Crepa Conejito Turín,,Alimentos y bebidas preparados,85,,,No,No,No,,,No,Si,38400000,,,
350,Crepas,Crepas Gatunas,CRE_DU,CREPA DULCE,,Alimentos y bebidas preparados,25,23.6487,,No,No,Si,,1.3513,Si,Si,22900000,,,
515,Crepas,Crepas Gatunas,,Crepa dulce 1 ingrediente,,Alimentos y bebidas preparados,55,,,No,No,No,,,No,Si,38200000,,,
512,Crepas,Crepas Gatunas,,Crepa dulce 3 ingredientes,,Alimentos y bebidas preparados,75,,,No,No,No,,,No,Si,37900000,,,
526,Crepas,Crepas Gatunas,,Crepa Kit Kat,,Alimentos y bebidas preparados,85,,,No,No,No,,,No,Si,39300000,,,
359,Crepas,Crepas Gatunas,CRE_SA,CREPA SALADA,,Alimentos y bebidas preparados,55,11.2496174,,Si,Si,Si,,43.7503826,Si,Si,23600000,,,
489,Crepas,Crepas Gatunas,,DURAZNOS EN ALMIBAR - Fruta crepa,,Alimentos y bebidas preparados,17,,,Si,No,Si,,,No,No,35600000,,,
172,Crepas,Crepas Gatunas,,FRESA - Fruta crepa,,Alimentos y bebidas preparados,10,,,Si,No,Si,,,No,No,6100000,,,
749,Crepas,Crepas Gatunas,,FRUTOS ROJOS - Fruta crepa,,Alimentos y bebidas preparados,0,,,Si,No,Si,,,No,No,61300000,,,
756,Crepas,Crepas Gatunas,,GALLETA OREO - Toppings crepa,,Alimentos y bebidas preparados,10,6.0696,,Si,No,Si,,3.9304,No,No,62000000,,,
174,Crepas,Crepas Gatunas,,HAWAIANA CREPA,,Alimentos y bebidas preparados,15,,,Si,No,Si,,,No,No,7300000,,,
685,Crepas,Crepas Gatunas,,HAWAIANA CREPIZZA,,Alimentos y bebidas preparados,15,,,Si,No,Si,,,No,Si,55200000,,,
171,Crepas,Crepas Gatunas,,HELADO COOKIES & CREAM,,Alimentos y bebidas preparados,20,,,No,No,Si,,,No,No,7400000,,,
168,Crepas,Crepas Gatunas,,HELADO DE CHOCOLATE,,Alimentos y bebidas preparados,20,,,No,No,Si,,,No,No,7500000,,,
169,Crepas,Crepas Gatunas,,HELADO DE FRESA,,Alimentos y bebidas preparados,20,,,No,No,Si,,,No,No,7600000,,,
170,Crepas,Crepas Gatunas,,HELADO DE VAINILLA,,Alimentos y bebidas preparados,20,,,No,No,Si,,,No,No,7700000,,,
758,Crepas,Crepas Gatunas,CREP_NUT,LECHERA - CREPA,,Alimentos y bebidas preparados,35,8.4696174,,Si,Si,Si,,26.5303826,Si,Si,62200000,,,
155,Crepas,Crepas Gatunas,,LECHERA - Toppings crepa,,Alimentos y bebidas preparados,0,,,Si,No,Si,,,No,No,8700000,,,
759,Crepas,Crepas Gatunas,CREP_MAP,MAPPLE - CREPA,,Alimentos y bebidas preparados,35,8.4696174,,Si,No,Si,,26.5303826,No,Si,62300000,,,
151,Crepas,Crepas Gatunas,,MERMELADA CEREZA NEGRA - Toppings crepa,,Alimentos y bebidas preparados,0,1.476,,Si,No,Si,,-1.476,No,No,2500000,,,
158,Crepas,Crepas Gatunas,,MERMELADA DE ZARZAMORA - Toppings crepa,,Alimentos y bebidas preparados,0,,,Si,No,Si,,,No,No,15800000,,,
750,Crepas,Crepas Gatunas,,MERMELADA FRESA - Toppings crepa,,Alimentos y bebidas preparados,0,,,Si,No,No,,,No,No,61400000,,,
751,Crepas,Crepas Gatunas,,MERMELADA FRUTOS ROJOS - Toppings crepa,,Alimentos y bebidas preparados,0,,,Si,No,No,,,No,No,61500000,,,
748,Crepas,Crepas Gatunas,CRE_NUT,NUTELLA - CREPA,,Alimentos y bebidas preparados,37,11.0496174,,Si,Si,Si,,25.9503826,Si,Si,61200000,,,
156,Crepas,Crepas Gatunas,,NUTELLA - Toppings crepa,,Alimentos y bebidas preparados,0,,,Si,No,Si,,,No,No,11600000,,,
157,Crepas,Crepas Gatunas,,PHILADELPHIA CREPA,,Alimentos y bebidas preparados,0,2.78,,No,No,Si,,-2.78,No,No,13000000,,,
760,Crepas,Crepas Gatunas,CREP_PHI,PHILADELPHIA - CREPA,,Alimentos y bebidas preparados,35,0,,Si,Si,Si,,35,No,Si,62400000,,,
164,Crepas,Crepas Gatunas,,PHILADELPHIA / NUTELLA,,Alimentos y bebidas preparados,40,,,No,No,Si,,,No,Si,13100000,,,
384,Crepas,Crepas Gatunas,,PHILADELPHIA - Toppings crepa,,Alimentos y bebidas preparados,0,,,Si,No,Si,,,No,No,26100000,,,
173,Crepas,Crepas Gatunas,,PLATANO - Fruta crepa,,Alimentos y bebidas preparados,10,,,Si,No,Si,,,No,No,13400000,,,
525,Crepas Saladas,,,Crepa de Champiñones,,Alimentos y bebidas preparados,95,,,No,No,No,,,No,Si,39200000,,,
175,Crepas Saladas,,,PEPPERONI CREPIZZA,,Alimentos y bebidas preparados,15,27.1916,,Si,No,Si,,-12.1916,No,No,5600000,,,
664,DECORACIONES,,,Dragon Fruit - Perlas explosivas,,Alimentos y bebidas preparados,0,,,Si,No,Si,,,No,No,53100000,,,
767,DECORACIONES,,,GRANILLO HALLOWEEN,,Alimentos y bebidas preparados,0,,,Si,No,Si,,,No,Si,63100000,,,
658,Desayunos,,,BOWL FRUTL DEL DIA,,Alimentos y bebidas preparados,45,,,Si,No,No,,,No,Si,52500000,,,
659,Desayunos,,,BOWL GRIEGO FRUTAL,,Alimentos y bebidas preparados,40,,,Si,No,No,,,No,Si,52600000,,,
539,Desayunos,,,CAFÉ S,,Alimentos y bebidas preparados,15,,,Si,No,No,,,No,Si,40600000,,,
528,Desayunos,,CHILA,CHILAQUILES,,Alimentos y bebidas preparados,50,,,No,No,Si,,,Si,No,39500000,,,
529,Desayunos,,CHIL_CH,CHILAQUILITOS CHICOS,,Alimentos y bebidas preparados,54.98,40.772594,,Si,Si,Si,,14.207406,Si,Si,39600000,,,
530,Desayunos,,CHIL_G,CHILAQUILITOS GRANDES,,Alimentos y bebidas preparados,64.98,30.647,,Si,Si,Si,,34.333,Si,Si,39700000,,,
537,Desayunos,,,CUERNITO DULCE,,Alimentos y bebidas preparados,35,7,,Si,No,Si,,28,No,Si,40400000,,,
536,Desayunos,,,CUERNITO SALADO,,Alimentos y bebidas preparados,35,20.57375,,Si,No,Si,,14.42625,No,Si,40300000,,,
533,Desayunos,,,GRATINADOS,,Alimentos y bebidas preparados,10,,,Si,No,Si,,,No,No,40000000,,,
538,Desayunos,,,HOTCAKES 3PZ,,Alimentos y bebidas preparados,50,,,Si,No,Si,,,No,Si,40500000,,,
532,Desayunos,,,HUEVO EXTRA,,Alimentos y bebidas preparados,10,2.89,,Si,No,Si,,7.11,No,No,39900000,,,
531,Desayunos,,,POLLO EXTRA,,Alimentos y bebidas preparados,10,,,Si,No,Si,,,No,No,39800000,,,
668,Desayunos,,,SALSA ROJA CHILAQUILES,,Alimentos y bebidas preparados,0.01,,,Si,No,No,,,No,No,53500000,,,
667,Desayunos,,,SALSA VERDE CHILAQUILES,,Alimentos y bebidas preparados,0,14.394594,,Si,No,No,,-14.394594,No,No,53400000,,,
630,Desayunos,,,SANDWICH 3 QUESOS,,Alimentos y bebidas preparados,30,65.606,,Si,No,Si,,-35.606,No,Si,49700000,,,
631,Desayunos,,,SANDWICH JAMÓN,,Alimentos y bebidas preparados,25,,,Si,No,Si,,,No,Si,49800000,,,
632,Desayunos,,,SINCRONIZADAS 3PZ,,Alimentos y bebidas preparados,40,,,Si,No,Si,,,No,Si,49900000,,,
626,EXTRAS,,,Aderezo Ranch (Chico),,Alimentos y bebidas preparados,15,,,No,No,No,,,No,Si,49300000,,,
627,EXTRAS,,,Aderezo Ranch (Mediano),,Alimentos y bebidas preparados,30,,,No,No,No,,,No,Si,49400000,,,
742,EXTRAS,,,AJONJOLÍ,,Alimentos y bebidas preparados,0,,,Si,No,Si,,,No,No,60600000,,,
743,EXTRAS,,,CHILE QUEBRADO (CHILE SECO),,Alimentos y bebidas preparados,0,,,Si,No,Si,,,No,No,60700000,,,
741,EXTRAS,,,HUEVO DURO,,Alimentos y bebidas preparados,15,,,Si,No,Si,,,No,No,60500000,,,
740,EXTRAS,,,HUEVO ESTRELLADO,,Alimentos y bebidas preparados,15,,,Si,No,Si,,,No,No,60400000,,,
674,EXTRAS,,,NO APLICA,,Alimentos y bebidas preparados,0,,,Si,No,No,,,No,No,54100000,,,
587,Frappés Gatunos,,,Frappé Gatuno Algodón de Azúcar,,Alimentos y bebidas preparados,73,,,No,No,No,,,No,Si,45400000,,,
588,Frappés Gatunos,,,Frappé Gatuno Bayleys,,Alimentos y bebidas preparados,73,,,No,No,No,,,No,Si,45500000,,,
589,Frappés Gatunos,,,Frappé Gatuno Cereza,,Alimentos y bebidas preparados,73,,,No,No,No,,,No,Si,45600000,,,
592,Frappés Gatunos,,,Frappé Gatuno Chai Manzana Canela,,Alimentos y bebidas preparados,73,,,No,No,No,,,No,Si,45900000,,,
591,Frappés Gatunos,,,Frappé Gatuno Chai Miel,,Alimentos y bebidas preparados,73,,,No,No,No,,,No,Si,45800000,,,
590,Frappés Gatunos,,,Frappé Gatuno Chai Vainilla,,Alimentos y bebidas preparados,73,,,No,No,No,,,No,Si,45700000,,,
595,Frappés Gatunos,,,Frappé Gatuno Choco Cereza,,Alimentos y bebidas preparados,73,,,No,No,No,,,No,Si,46200000,,,
593,Frappés Gatunos,,,Frappé Gatuno Chocolate,,Alimentos y bebidas preparados,73,,,No,No,No,,,No,Si,46000000,,,
594,Frappés Gatunos,,,Frappé Gatuno Chocolate Blanco,,Alimentos y bebidas preparados,73,,,No,No,No,,,No,Si,46100000,,,
596,Frappés Gatunos,,,Frappé Gatuno Conejito Turín,,Alimentos y bebidas preparados,109,,,No,No,No,,,No,Si,46300000,,,
597,Frappés Gatunos,,,Frappé Gatuno Ferrero,,Alimentos y bebidas preparados,109,,,No,No,No,,,No,Si,46400000,,,
598,Frappés Gatunos,,,Frappé Gatuno Horchata,,Alimentos y bebidas preparados,73,,,No,No,No,,,No,Si,46500000,,,
599,Frappés Gatunos,,,Frappé Gatuno Matcha,,Alimentos y bebidas preparados,86,,,No,No,No,,,No,Si,46600000,,,
600,Frappés Gatunos,,,Frappé Gatuno Mazapán,,Alimentos y bebidas preparados,86,,,No,No,No,,,No,Si,46700000,,,
601,Frappés Gatunos,,,Frappé Gatuno Mokaccino,,Alimentos y bebidas preparados,73,,,No,No,No,,,No,Si,46800000,,,
602,Frappés Gatunos,,,Frappé Gatuno Piña Colada,,Alimentos y bebidas preparados,86,,,No,No,No,,,No,Si,46900000,,,
603,Frappés Gatunos,,,Frappé Gatuno Red Velvet Chocolate,,Alimentos y bebidas preparados,73,,,No,No,No,,,No,Si,47000000,,,
604,Frappés Gatunos,,,Frappé Gatuno Rompope,,Alimentos y bebidas preparados,86,,,No,No,No,,,No,Si,47100000,,,
605,Frappés Gatunos,,,Frappé Gatuno Strawberry Cream,,Alimentos y bebidas preparados,86,,,No,No,No,,,No,Si,47200000,,,
606,Frappés Gatunos,,,Frappé Gatuno Taro,,Alimentos y bebidas preparados,73,,,No,No,No,,,No,Si,47300000,,,
607,Frappés Gatunos,,,Frappé Gatuno Taro Purple,,Alimentos y bebidas preparados,86,,,No,No,No,,,No,Si,47400000,,,
608,Frappés Gatunos,,,Frappé Gatuno Vainilla,,Alimentos y bebidas preparados,73,,,No,No,No,,,No,Si,47500000,,,
698,Frappés Gatunos,,,L,,Alimentos y bebidas preparados,0,,,No,No,No,,,No,No,3531250,,,
609,Granizados,,,Granizado Chicle,,Alimentos y bebidas preparados,65,,,No,No,No,,,No,Si,47600000,,,
610,Granizados,,,Granizado Kiwi,,Alimentos y bebidas preparados,65,,,No,No,No,,,No,Si,47700000,,,
624,Malteadas,,,Malteada Chocolate,,Alimentos y bebidas preparados,95,,,No,No,No,,,No,Si,49100000,,,
625,Malteadas,,,Malteada Cookies & Cream,,Alimentos y bebidas preparados,95,,,No,No,No,,,No,Si,49200000,,,
623,Malteadas,,,Malteada Fresa,,Alimentos y bebidas preparados,95,,,No,No,No,,,No,Si,49000000,,,
649,Mini Donas Gatunas,,DON,Donas,,Alimentos y bebidas preparados,18,11,Sam's Club,Si,No,Si,0,7,No,Si,51600000,,,
554,Mini Donas Gatunas,,,Mini Donas Cajeta,,Alimentos y bebidas preparados,58,,,No,No,No,,,Si,No,42100000,,,
555,Mini Donas Gatunas,,,Mini Donas Chocolate,,Alimentos y bebidas preparados,58,,,No,No,Si,,,Si,No,42200000,,,
556,Mini Donas Gatunas,,,Mini Donas Fresa,,Alimentos y bebidas preparados,58,,,No,No,No,,,Si,No,42300000,,,
557,Mini Donas Gatunas,,,Mini Donas Lechera,,Alimentos y bebidas preparados,58,,,No,No,No,,,Si,No,42400000,,,
558,Mini Donas Gatunas,,,Mini Donas Nutella,,Alimentos y bebidas preparados,58,,,No,No,No,,,Si,No,42500000,,,
559,Mini Donas Gatunas,,,Mini Donas Zarzamora,,Alimentos y bebidas preparados,58,,,No,No,No,,,Si,No,42600000,,,
509,Modificadores genéricos,,,14 oz,,Alimentos y bebidas preparados,0,,,Si,No,No,,,No,No,37600000,,,
488,Modificadores genéricos,,,14 Piezas,,Alimentos y bebidas preparados,0,,,Si,No,No,,,No,No,35500000,,,
508,Modificadores genéricos,,,16 oz,,Alimentos y bebidas preparados,0,,,Si,No,No,,,No,No,37500000,,,
487,Modificadores genéricos,,,8 Piezas,,Alimentos y bebidas preparados,0,,,Si,No,No,,,No,No,35400000,,,
495,Modificadores genéricos,,,Algodón de Azúcar,,Alimentos y bebidas preparados,0,,,Si,No,No,,,No,No,36200000,,,
506,Modificadores genéricos,,,Cereza,,Alimentos y bebidas preparados,0,,,Si,No,No,,,No,No,37300000,,,
552,Modificadores genéricos,,,CHAI CLÁSICO BOBAH TEAH,,Alimentos y bebidas preparados,0,,,Si,No,Si,,,No,No,41900000,,,
553,Modificadores genéricos,,,Chai Manzana Canela,,Alimentos y bebidas preparados,0,,,Si,No,No,,,No,No,42000000,,,
496,Modificadores genéricos,,,Chai Vainilla,,Alimentos y bebidas preparados,0,,,Si,No,No,,,No,No,36300000,,,
545,Modificadores genéricos,,,CHAMPIÑÓN - RAMEN,,Alimentos y bebidas preparados,0,,,Si,No,No,,,No,No,41200000,,,
505,Modificadores genéricos,,,Cheesecake,,Alimentos y bebidas preparados,0,,,Si,No,No,,,No,No,37200000,,,
542,Modificadores genéricos,,,Chispas,,Alimentos y bebidas preparados,0,,,No,No,No,,,No,No,40900000,,,
502,Modificadores genéricos,,,Choco Avellana,,Alimentos y bebidas preparados,0,,,Si,No,No,,,No,No,36900000,,,
486,Modificadores genéricos,,,Chocobanana 3 ingredientes,,Alimentos y bebidas preparados,0,,,No,No,No,,,No,No,35300000,,,
500,Modificadores genéricos,,,Choco Cereza,,Alimentos y bebidas preparados,0,,,Si,No,No,,,No,No,36700000,,,
504,Modificadores genéricos,,,Chocolate Blanco,,Alimentos y bebidas preparados,0,,,Si,No,No,,,No,No,37100000,,,
549,Modificadores genéricos,,,Chocolate blanco caliente,,Alimentos y bebidas preparados,0,,,Si,No,No,,,No,No,41600000,,,
550,Modificadores genéricos,,,Chocolate Caliente,,Alimentos y bebidas preparados,58,,,No,No,No,,,No,Si,41700000,,,
551,Modificadores genéricos,,,Chocolate oaxaca caliente,,Alimentos y bebidas preparados,0,,,No,No,No,,,No,No,41800000,,,
492,Modificadores genéricos,,,GRANILLO CAPPUCCINO - Decoración crepa,,Alimentos y bebidas preparados,0,,,Si,No,Si,,,No,No,35900000,,,
491,Modificadores genéricos,,,GRANILLO FRESA - Decoración crepa,,Alimentos y bebidas preparados,0,,,Si,No,Si,,,No,No,35800000,,,
543,Modificadores genéricos,,,JAMÓN - RAMEN,,Alimentos y bebidas preparados,0,8.568,,Si,No,Si,,-8.568,No,No,41000000,,,
490,Modificadores genéricos,,,MAPPLE - Toppings crepa,,Alimentos y bebidas preparados,0,,,Si,No,No,,,No,No,35700000,,,
494,Modificadores genéricos,,,Matcha,,Alimentos y bebidas preparados,0,,,Si,No,No,,,No,No,36100000,,,
501,Modificadores genéricos,,,Mokaccino,,Alimentos y bebidas preparados,65,,,Si,No,No,,,No,Si,36800000,,,
544,Modificadores genéricos,,,MOZARELLA - RAMEN,,Alimentos y bebidas preparados,0,9.88,,Si,No,No,,-9.88,No,No,41100000,,,
483,Modificadores genéricos,,,"No, gracias",,Alimentos y bebidas preparados,0,,,Si,No,No,,,No,No,35000000,,,
484,Modificadores genéricos,,,Nuez,,Alimentos y bebidas preparados,0,,,No,No,No,,,No,No,35100000,,,
672,Modificadores genéricos,,,PEPPERONI - RAMEN,,Alimentos y bebidas preparados,0,,,Si,No,No,,,No,No,53900000,,,
546,Modificadores genéricos,,,Perlas de yogurt,,Alimentos y bebidas preparados,20,,,No,No,No,,,No,No,41300000,,,
547,Modificadores genéricos,,,Perlas Explosivas,,Alimentos y bebidas preparados,15,,,No,No,No,,,No,No,41400000,,,
485,Modificadores genéricos,,,Perlas explosivas chocolate,,Alimentos y bebidas preparados,0,,,No,No,No,,,No,No,35200000,,,
507,Modificadores genéricos,,,Pistache,,Alimentos y bebidas preparados,0,,,Si,No,No,,,No,No,37400000,,,
511,Modificadores genéricos,,,Ranch,,Alimentos y bebidas preparados,0,,,No,No,No,,,No,No,37800000,,,
510,Modificadores genéricos,,,Ranch Mediano,,Alimentos y bebidas preparados,0,,,No,No,No,,,No,No,37700000,,,
503,Modificadores genéricos,,,Red Velvet Chocolate,,Alimentos y bebidas preparados,0,,,Si,No,No,,,No,No,37000000,,,
493,Modificadores genéricos,,,Strawberry Cream,,Alimentos y bebidas preparados,0,,,No,No,No,,,No,No,36000000,,,
498,Modificadores genéricos,,,Taro,,Alimentos y bebidas preparados,0,,,Si,No,No,,,No,No,36500000,,,
497,Modificadores genéricos,,,Vainilla,,Alimentos y bebidas preparados,0,,,Si,No,No,,,No,No,36400000,,,
671,Modificadores genéricos,,,VERDURAS - RAMEN,,Alimentos y bebidas preparados,12,5,,Si,No,Si,,7,No,No,53800000,,,
548,Modificadores genéricos,,,Yogurt,,Alimentos y bebidas preparados,0,,,Si,No,No,,,No,No,41500000,,,
499,Modificadores genéricos,,,Zarza Cremosa - Ingrediente extra frappé,,Alimentos y bebidas preparados,0,,,No,No,No,,,No,No,36600000,,,
513,Ramen Coreano,,,Buldak Carbonara 🔥🔥🔥,,Alimentos y bebidas preparados,120,,,No,No,No,,,No,Si,38000000,,,
519,Ramen Coreano,,,Buldak Rose 🔥🔥,,Alimentos y bebidas preparados,120,,,No,No,No,,,No,Si,38600000,,,
521,Ramen Coreano,,,Cream Carbonara 🔥🔥,,Alimentos y bebidas preparados,120,,,No,No,No,,,No,Si,38800000,,,
527,Ramen Coreano,,,Hot Chicken 3X 🔥🔥🔥🔥🔥🔥,,Alimentos y bebidas preparados,120,,,Si,No,No,,,No,Si,39400000,,,
518,Ramen Coreano,,,Kimchi,,Alimentos y bebidas preparados,120,,,No,No,No,,,No,Si,38500000,,,
744,Ramen Coreano,,,Promo Corean,,Alimentos y bebidas preparados,100,,,Si,No,No,,,Si,Si,60800000,,,
574,Ramen Coreano,,,Ramen Champaguetti,,Alimentos y bebidas preparados,94,,,No,No,No,,,Si,Si,44100000,,,
569,Ramen Coreano,,,Ramen Cream Carbonara,,Alimentos y bebidas preparados,120,,,No,No,No,,,Si,Si,43600000,,,
566,Ramen Coreano,,,Ramen Hot Chicken,,Alimentos y bebidas preparados,120,,,No,No,No,,,Si,Si,43300000,,,
567,Ramen Coreano,,,Ramen Hot Chicken 2x,,Alimentos y bebidas preparados,120,,,No,No,No,,,Si,Si,43400000,,,
568,Ramen Coreano,,,Ramen Hot Chicken 3x,,Alimentos y bebidas preparados,120,,,No,No,No,,,Si,Si,43500000,,,
563,Ramen Coreano,,,Ramen Hot Chicken Cheese,,Alimentos y bebidas preparados,120,,,No,No,No,,,Si,No,43000000,,,
745,Ramen Coreano,,,RAMEN JJAJANG (Combo Corean),,Alimentos y bebidas preparados,0,32,,Si,No,Si,,-32,No,No,60900000,,,
561,Ramen Coreano,,,Ramen Kimchi,,Alimentos y bebidas preparados,120,,,No,No,No,,,Si,Si,42800000,,,
562,Ramen Coreano,,,Ramen Kimchi Spicy,,Alimentos y bebidas preparados,120,,,No,No,No,,,Si,Si,42900000,,,
564,Ramen Coreano,,,Ramen Ramen Carbonara,,Alimentos y bebidas preparados,120,,,No,No,No,,,Si,No,43100000,,,
565,Ramen Coreano,,,Ramen Ramen Habanero Limón,,Alimentos y bebidas preparados,120,,,No,No,No,,,Si,No,43200000,,,
573,Ramen Coreano,,,Ramen Rose,,Alimentos y bebidas preparados,120,,,No,No,No,,,Si,Si,44000000,,,
571,Ramen Coreano,,,Ramen Shin Noodles,,Alimentos y bebidas preparados,120,,,No,No,No,,,Si,Si,43800000,,,
570,Ramen Coreano,,,Ramen Tomato Pasta,,Alimentos y bebidas preparados,120,,,No,No,No,,,Si,Si,43700000,,,
560,Ramen Coreano,,,Ramen Tradicional,,Alimentos y bebidas preparados,120,,,No,No,No,,,Si,Si,42700000,,,
572,Ramen Coreano,,,Ramen Yakisoba,,Alimentos y bebidas preparados,120,,,No,No,No,,,Si,Si,43900000,,,
634,Ramen Coreano,,,SAMYANG HOT PEPPER,,Alimentos y bebidas preparados,60,35,,No,No,No,,25,No,Si,50100000,,,
516,Ramen Coreano,,,Samyang Original,,Alimentos y bebidas preparados,120,,,No,No,No,,,No,Si,38300000,,,
673,Ramen Coreano,,,SIN PREPARAR,,Alimentos y bebidas preparados,0,,,Si,No,No,,,No,No,54000000,,,
524,Ramen Coreano,,,Tomato Hot Chicken 🔥🔥,,Alimentos y bebidas preparados,120,,,Si,No,No,,,No,Si,39100000,,,
520,Ramen Coreano,,,Yaklsoba Hot Chicken 🔥🔥,,Alimentos y bebidas preparados,120,,,Si,No,No,,,No,Si,38700000,,,
637,Snacks Gatunos,,,BLUEBERRY POCKY,,Alimentos y bebidas preparados,60,,DOKSURI,Si,No,Si,0,,No,Si,50400000,,,
523,Snacks Gatunos,,,Boneles 370g (13-16),,Alimentos y bebidas preparados,255,,,No,No,No,,,No,Si,39000000,,,
476,Snacks Gatunos,,,BUBBLE GUM COLA,,Alimentos y bebidas preparados,20,11.96,Asiaon Mart,Si,No,Si,3,8.04,No,Si,34300000,,,
439,Snacks Gatunos,,,BUBBLE GUM DURAZNO,,Alimentos y bebidas preparados,20,11.04,Asiaon Mart,Si,No,Si,2,8.96,No,Si,30700000,,,
474,Snacks Gatunos,,,BUBBLE GUM MANGO,,Alimentos y bebidas preparados,20,11.96,Asiaon Mart,Si,No,Si,2,8.04,No,Si,34100000,,,
475,Snacks Gatunos,,,BUBBLE GUM UVA,,Alimentos y bebidas preparados,20,11.96,Asiaon Mart,Si,No,Si,6,8.04,No,Si,34200000,,,
731,Snacks Gatunos,,,CACAHUATES JAPONESES,,Alimentos y bebidas preparados,8,3.82,La Costeña,Si,No,Si,14,4.18,No,Si,59500000,,,
177,Snacks Gatunos,,,CAJETA MINI DONAS 14PZ,,Alimentos y bebidas preparados,0,,,Si,No,Si,,,No,No,1800000,,,
184,Snacks Gatunos,,,CAJETA MINI DONAS 8PZ,,Alimentos y bebidas preparados,0,,,Si,No,Si,,,No,No,1900000,,,
178,Snacks Gatunos,,,CHOCOLATE MINI DONAS 14PZ,,Alimentos y bebidas preparados,0,,,Si,No,Si,,,No,No,4600000,,,
185,Snacks Gatunos,,,CHOCOLATE MINI DONAS 8PZ,,Alimentos y bebidas preparados,0,,,Si,No,Si,,,No,No,4700000,,,
636,Snacks Gatunos,,,CHOCOLATE POCKY,,Alimentos y bebidas preparados,60,,DOKSURI,Si,No,Si,0,,No,Si,50300000,,,
179,Snacks Gatunos,,,CREMA PASTELERA MINI DONAS 14PZ,,Alimentos y bebidas preparados,0,,,Si,No,Si,,,No,No,5400000,,,
186,Snacks Gatunos,,,CREMA PASTELERA MINI DONAS 8PZ,,Alimentos y bebidas preparados,0,,,Si,No,Si,,,No,No,5500000,,,
327,Snacks Gatunos,,DON14,DONITAS GATUNAS 14PZA,,Alimentos y bebidas preparados,45,7.889913,,Si,Si,Si,,37.110087,Si,Si,20800000,,,
317,Snacks Gatunos,,DON8,DONITAS GATUNAS 8PZA,,Alimentos y bebidas preparados,30,4.503375,,Si,Si,Si,,25.496625,Si,Si,19900000,,,
180,Snacks Gatunos,,,FRESA MINI DONAS 14PZ,,Alimentos y bebidas preparados,0,,,Si,No,Si,,,No,No,6400000,,,
187,Snacks Gatunos,,,FRESA MINI DONAS 8PZ,,Alimentos y bebidas preparados,0,,,Si,No,Si,,,No,No,6500000,,,
764,Snacks Gatunos,,,LUNETAS M&M's - Decoración crepa,,Alimentos y bebidas preparados,5,2.3,,Si,No,Si,,2.7,No,No,62800000,,,
181,Snacks Gatunos,,,MAPPLE MINI DONAS 14PZ,,Alimentos y bebidas preparados,0,,,Si,No,Si,,,No,No,10100000,,,
188,Snacks Gatunos,,,MAPPLE MINI DONAS 8PZ,,Alimentos y bebidas preparados,0,,,Si,No,Si,,,No,No,10200000,,,
199,Snacks Gatunos,,,MARUCHAN,,Alimentos y bebidas preparados,20,,,No,No,Si,,,No,Si,10600000,,,
514,Snacks Gatunos,,M_DO,Mini Donas Gatunas,,Alimentos y bebidas preparados,69,,Sam's Club,No,No,Si,,,No,Si,38100000,,,
310,Snacks Gatunos,,,MINI PIZZA - 4 QUESOS,,Alimentos y bebidas preparados,45,26.9,Sam's Club,Si,No,Si,,18.1,No,Si,19400000,,,
197,Snacks Gatunos,,MP,MINI PIZZA PEPERONI,,Alimentos y bebidas preparados,40,26.86,,No,No,Si,,13.14,No,No,300000,,,
196,Snacks Gatunos,,,MINI PIZZA - PEPERONI,,Alimentos y bebidas preparados,45,26.9,Sam's Club,Si,No,Si,,18.1,No,Si,12700000,,,
712,Snacks Gatunos,,,MINI PIZZA - _PEPPERONI,,Alimentos y bebidas preparados,45,26.9,Sam's Club,Si,No,Si,,18.1,No,Si,57600000,,,
690,Snacks Gatunos,,,MOCHI DURAZNO - ROYAL FAMILY,,Alimentos y bebidas preparados,96,,,Si,No,Si,,,No,Si,55700000,,,
726,Snacks Gatunos,,,MOCHI FRAMBUESA - ROYAL F,,Alimentos y bebidas preparados,95,72,,Si,No,Si,2,23,No,Si,59000000,,,
680,Snacks Gatunos,,,MOCHI FRESA - ROYAL,,Alimentos y bebidas preparados,95,66,,Si,No,Si,1,29,No,Si,54700000,,,
689,Snacks Gatunos,,,MOCHI MANGO - ROYAL FAMILY,,Alimentos y bebidas preparados,95,,,Si,No,Si,,,No,Si,55600000,,,
688,Snacks Gatunos,,,MOCHI NATILLA LIMON - ROYAL,,Alimentos y bebidas preparados,95,,,Si,No,Si,,,No,Si,55500000,,,
714,Snacks Gatunos,,MUN12,MUNCHERS - PALOMITAS DE PAPA - 12 PZA,"Bolitas empanizadas con un relleno de papa, queso chedar y jalapeño",Alimentos y bebidas preparados,65,34.35325,,Si,No,Si,,30.64675,No,Si,57800000,,,
715,Snacks Gatunos,,MUNC_6,MUNCHERS - PALOMITAS DE PAPA - 6 PZA,,Alimentos y bebidas preparados,40,21.47325,,Si,No,Si,,18.52675,No,Si,57900000,,,
346,Snacks Gatunos,,,NUEZ - Decoración crepa,,Alimentos y bebidas preparados,5,2.596,,Si,No,Si,,2.404,No,No,22600000,,,
182,Snacks Gatunos,,,NUTELLA MINI DONAS 14PZ,,Alimentos y bebidas preparados,0,7.889913,,Si,No,Si,,-7.889913,No,No,11700000,,,
189,Snacks Gatunos,,,NUTELLA MINI DONAS 8PZ,,Alimentos y bebidas preparados,0,4.503375,,Si,No,Si,,-4.503375,No,No,11800000,,,
201,Snacks Gatunos,,,ORIGINAL PEPERO,"(ALMENDRA, COOKIES & CREAM, CRUNCHY)",Alimentos y bebidas preparados,60,,,Si,No,Si,0,,No,Si,12800000,,,
737,Snacks Gatunos,,,PAPAS CURLY (270g),,Alimentos y bebidas preparados,55,29.57105,,Si,No,Si,,25.42895,No,Si,60100000,,,
311,Snacks Gatunos,,PAP,PAPAS FRITAS,,Alimentos y bebidas preparados,0,,,No,No,Si,,,No,No,100000,,,
415,Snacks Gatunos,,PAP_CH,PAPAS FRITAS CH (170g),,Alimentos y bebidas preparados,29,22.38353,,Si,Si,Si,,6.61647,Si,Si,28400000,,,
417,Snacks Gatunos,,PAP_G,PAPAS FRITAS G (380g),,Alimentos y bebidas preparados,50,36.27639,,Si,Si,Si,,13.72361,Si,Si,28600000,,,
418,Snacks Gatunos,,PAP_J,PAPAS FRITAS J (500g),,Alimentos y bebidas preparados,60,43.11468,,Si,Si,Si,,16.88532,Si,Si,28700000,,,
416,Snacks Gatunos,,PAP_M,PAPAS FRITAS M (250g),,Alimentos y bebidas preparados,35,27.47499,,Si,Si,Si,,7.52501,Si,Si,28500000,,,
198,Snacks Gatunos,,,PAPAS LOCAS,,Alimentos y bebidas preparados,35,,,No,No,Si,,,No,Si,12500000,,,
635,Snacks Gatunos,,,STRAWBERRY POCKY,,Alimentos y bebidas preparados,60,,DOKSURI,Si,No,Si,1,,No,Si,50200000,,,
183,Snacks Gatunos,,,ZARZAMORA MINI DONAS 14PZ,,Alimentos y bebidas preparados,0,,,Si,No,Si,,,No,No,15900000,,,
190,Snacks Gatunos,,,ZARZAMORA MINI DONAS 8PZ,,Alimentos y bebidas preparados,0,,,Si,No,Si,,,No,No,16000000,,,