Producto,Ingrediente,Cantidad,Unidad
BBQ A LA DIABLA SALSA CH,BBQ a la Diabla Salsa - L Sirope,0.06,L
CREMA BATIDA,Manga crema batida - On Top 453gr,0.05,kg
SODA EXPLOSIVA,VASO 16L REYMA,1.0,unid.
SODA EXPLOSIVA,ROLLO PARA MÁQUINA SELLADORA 90MM,1.0,unid.
SODA EXPLOSIVA,Bolsa de Hielo Fiesta 15 Kg,0.12,kg
SODA EXPLOSIVA,Agua Mineral 2L 3B,0.32,L
CONEJITO TURIN CREPA,Charola 7 Cuevas,1.0,unid.
CONEJITO TURIN CREPA,Rollo Aluminio,1.0,unid.
PAPAS F M (250g),Papa Corte Ondulado Kg,0.26,kg
ORIGINAL HOT SALSA CH,Original Hot Salsa - L Mr Wings,0.06,L
NARANJA CHIPOTLE SALSA CH,Naranja con Chipotle Salsa - L Mr Wings,0.06,L
MANGO HABANERO SALSA CH,Mango Habanero Salsa - L Mr Wings,0.06,L
SRIRACHA SALSA CH,Oriental Sriracha Salsa - L Mr Wings,0.06,L
BBQ HABANERO SALSA CH,BBQ Habanero Salsa - L Mr Wings,0.06,L
MINI PIZZA - PEPERONI,Pizza Red Baron 1.97 Kg - Pepperoni,1.0,unid.
MINI PIZZA - 4 QUESOS,Pizza Red Baron 1.97 Kg - 4 Quesos,1.0,unid.
CONEJITO TURIN CREPA,Papel alimenticio,0.005,kg
CONEJITO TURIN CREPA,Mezcla Crepas,0.402,unid.
MEZCAT SALSA CH,Mezcal Salsa - L Mr Wings,0.06,L
ORIGINAL HOT SALSA G,Original Hot Salsa - L Mr Wings,0.12,L
STRAWBERRY CREAM (FRESA) FRAPPÉ,Polvo Zaachila Strawberry Cream,0.045,kg
CONEJITO TURIN CREPA,Conejito - Turín,2.0,unid.
CONEJITO TURIN CREPA,Nutella 1kg,0.062,kg
CONEJITO TURIN CREPA,Queso Crema Philadelphia,0.065,kg
CONEJITO TURIN CREPA,Duraznos en almibar,0.094,kg
NUTELLA MINI DONAS 14PZ,Mezcla Masa Mini Donas Bote,0.438,unid.
NUTELLA MINI DONAS 8PZ,Mezcla Masa Mini Donas Bote,0.25,unid.
CONEJITO TURIN CREPA,Azúcar glass,0.005,kg
CONEJITO TURIN CREPA,Chispas Chocolate - Herseys 1kg,0.015,kg
FRESA SPICY SALSA CH,Fresa Hot Salsa - L Sirope,0.06,L
FLAMIN HOT SALSA CH,Flamin Hot Salsa - L Sirope,0.06,L
JALAPEÑO SPICY SALSA CH,Jalapeño Hot (Hot Jalapeño) - L Sirope,0.06,L
MANGO GUAJILLO SALSA CH,Bufalo Salsa - L Sirope,0.06,L
CHINGU TERIYAKI SALSA CH,Oriental Teriyaki Salsa - L Mr Wings,0.06,L
TAMARINDO SALSA CH,Tamarindo Natural Salsa - L Mr Wings,0.06,L
CAJÚN SALSA CH,Cajún estilo Louisiana Salsa - L Mr Wings,0.06,L
BÚFALO SALSA CH,Salsa para Alitas RedHot Buffalo L,0.06,L
MANGO HOT SALSA CH,Mango Hot Salsa - L Mr Wings,0.06,L
CHINGU TERIYAKI SALSA G,Oriental Teriyaki Salsa - L Mr Wings,0.09,L
BBQ HABANERO SALSA G,BBQ Habanero Salsa - L Mr Wings,0.09,L
BÚFALO SALSA G,Salsa para Alitas RedHot Buffalo L,0.09,L
CAJÚN SALSA G,Cajún estilo Louisiana Salsa - L Mr Wings,0.09,L
MANGO HABANERO SALSA G,Mango Habanero Salsa - L Mr Wings,0.09,L
MANGO HOT SALSA G,Mango Hot Salsa - L Mr Wings,0.09,L
MEZCAT SALSA G,Mezcal Salsa - L Mr Wings,0.09,L
NARANJA CHIPOTLE SALSA G,Naranja con Chipotle Salsa - L Mr Wings,0.09,L
TAMARINDO SALSA G,Tamarindo Natural Salsa - L Mr Wings,0.09,L
SRIRACHA SALSA G,Oriental Sriracha Salsa - L Mr Wings,0.09,L
FRESA SPICY SALSA G,Fresa Hot Salsa - L Sirope,0.09,L
MANGO GUAJILLO SALSA G,Bufalo Salsa - L Sirope,0.09,L
FLAMIN HOT SALSA G,Flamin Hot Salsa - L Sirope,0.09,L
JALAPEÑO SPICY SALSA G,Jalapeño Hot (Hot Jalapeño) - L Sirope,0.09,L
BONELESS LEMON PEPPER CH,Lemon Pepper Salsa - L Custom Culinary,0.06,L
BONELESS LEMON PEPPER G,Lemon Pepper Salsa - L Custom Culinary,0.09,L
MALTEADA GATUNA,Bolsa de Hielo Fiesta 15 Kg,0.15,kg
MALTEADA GATUNA,Clavel Polvo Caja 24 piezas 460gr,0.042,kg
MALTEADA GATUNA,TAPA DOMO 16 REYMA,1.0,unid.
FRAPPÉ DE AGUA GRANIZADO,TAPA DOMO 16 REYMA,1.0,unid.
FRAPPÉ DE AGUA GRANIZADO,VASO 16L REYMA,1.0,unid.
PHILADELPHIA CREPA,Rollo Aluminio,1.0,unid.
PHILADELPHIA CREPA,Papel alimenticio,0.005,kg
PHILADELPHIA CREPA,Charola 7 Cuevas,1.0,unid.
CREPA DULCE,Papel alimenticio,0.001,kg
CREPA DULCE,Charola 7 Cuevas,1.0,unid.
CREPA DULCE,Rollo Aluminio,1.0,unid.
CREPA DULCE,Mezcla Crepas,1.0,unid.
MORA AZUL - CHAMOYADA,Chamoy,0.046,L
CREPA- DULCE,Papel alimenticio,0.001,kg
CREPA- DULCE,Charola 7 Cuevas,1.0,unid.
CREPA- DULCE,Rollo Aluminio,1.0,unid.
MORA AZUL - CHAMOYADA,Miguelito 1kg,0.011,kg
CREPA- DULCE,Mezcla Crepas,0.402,unid.
MAPPLE - CREPA,Mezcla Crepas,0.402,unid.
CREMA BATIDA - CREPA,Mezcla Crepas,0.402,unid.
Rappoki,Rapokki de queso - Yopokki 260g,1.0,unid.
BOBAH TEA AGUA,Garrafon Agua Bonafont,0.4,L
BOBAH TEA,VASO 16L REYMA,1.0,unid.
BOBAH TEA,ROLLO PARA MÁQUINA SELLADORA 90MM,1.0,unid.
DONITAS GATUNAS 8PZA,Mezcla Masa Mini Donas Bote,0.25,unid.
DONITAS GATUNAS 14PZA,Mezcla Masa Mini Donas Bote,0.438,unid.
KRAZY HOT SALSA CH,Extra hot salsa - L Mr Wings,0.06,L
KRAZY HOT SALSA G,Extra hot salsa - L Mr Wings,0.09,L
Rappoki,Queso Mozzarella,0.052,kg
Leche 200 ml Vainilla Santa Clara,Santa Clara Vainilla 200ml,1.0,unid.
BBQ A LA DIABLA SALSA G,BBQ a la Diabla Salsa - L Sirope,0.092,L
DEDOS DE QUESO PZA,Dedos de Queso Kg,0.036,kg
LECHE ENTERA,Leche Entera - Santa Clara 1L,0.19,L
Vaquitas,Santa Clara Vainilla 200ml,1.0,unid.
Vaquitas,CUCHARA PASTELERA,1.0,unid.
Vaquitas Promo 2x35,Santa Clara Vainilla 200ml,3.0,unid.
Vaquitas Promo 2x35,CUCHARA PASTELERA,3.0,unid.
LECHE ENTERA BOBAH TEA,Leche Entera - Santa Clara 1L,0.39,L
JALAPEÑO RELLENOS 3PZ,Jalapeños Rellenos Kg,0.113,kg
PAPAS F G (380g),Papa Corte Ondulado Kg,0.39,kg
PAPAS F J (500g),Papa Corte Ondulado Kg,0.51,kg
Sazonador papas,Sazonador Lemon Pepper - Bolsa 1 Kg,0.015,kg
TAPIOCA,Tapioca,0.045,kg
TAPIOCA,Miel mapple,0.011,L
ALITAS G - 500g,Alitas Picosas FC 6X2 KG,0.5,kg
ALITAS G - 500g,Papa Corte Delgado Kg,0.28,kg
ARIZONA MANGO,ARIZONA Mango (591ml),1.0,unid.
ARIZONA SANDIA,Arizona Sandía 591ml,1.0,unid.
CAJUN SAZONADOR G,Sazonador adobo Cajún En Polvo - Bolsa 1 Kg,0.065,kg
PAPAS F CH (130g),Papa Corte Ondulado Kg,0.14,kg
PAPAS F CH (130g),Charola 7 Cuevas,1.0,unid.
CUERNITO DULCE,CUERNITO,1.0,unid.
ALITAS M - 370g,Alitas Picosas FC 6X2 KG,0.37,kg
ALITAS M - 370g,Papa Corte Delgado Kg,0.15,kg
MANGO - CHAMOYADA,Gomitas mango - SanSabor 1 kg,0.02,kg
MANGO - CHAMOYADA,Miguelito 1kg,0.011,kg
MANGO - CHAMOYADA,Chamoy,0.052,L
MANGO - CHAMOYADA,Mangos en Cubos - Member's Mark,0.108,kg
MANGO - CHAMOYADA,Concentrado Pulpa de Mango - L Sirope,0.053,L
AJO PARMESANO ADEREZO G,Ajo Parmesano Aderezo - L Mr Wings,0.059,L
ALITAS J - 1 Kg,Alitas Picosas FC 6X2 KG,1.0,kg
PAPAS FRITAS - CORTE DELGADO 120g,Papa Corte Delgado Kg,0.126,kg
PAPAS FRITAS - CORTE DELGADO 120g,Salsa Picante L,0.052,L
PAPAS FRITAS - CORTE DELGADO 120g,"Catsup Generica / Mr Wings, Members",0.052,kg
PAPAS FRITAS - CORTE DELGADO 120g,Aderezo de Queso,0.054,kg
PAPAS FRITAS - CORTE DELGADO 120g,Hamburguesera Chimex Bio,1.0,unid.
PAPAS FRITAS - CORTE DELGADO 120g,Papel alimenticio,0.001,kg
PAPAS FRITAS - CORTE DELGADO 120g,Aceite Member 20 L,0.1,L
BONELESS CH - 250g,Hamburguesera Chimex Bio,1.0,unid.
BONELESS CH - 250g,Zanahoria por kilo,0.094,kg
ALITAS J - 1 Kg,Papa Corte Delgado Kg,0.35,kg
BONELESS CH - 250g,Aceite Member 20 L,0.3,L
BONELESS CH - 250g,Papel alimenticio,0.002,kg
RAMEN CARBONARA - BULDAK,Ramen Carbonara - Buldak,1.0,unid.
RAMEN HABANERO LIMON - BULDAK,Ramen Habanero Limon - Buldak,1.0,unid.
RAMEN HOT CHICKEN - BULDAK,Ramen Hot Chicken - Buldak,1.0,unid.
RAMEN HOT CHICKEN 2X - BULDAK,Ramen Hot Chicken 2X - Buldak,1.0,unid.
RAMEN HOT CHICKEN 3X - BULDAK,Ramen Hot Chicken 3X -Buldak,1.0,unid.
RAMEN HOT CHICKEN CHEESE - BULDAK,Ramen Hot Chicken Cheese - Buldak,1.0,unid.
RAMEN SHIN RAMYUN - NONGSHIM,Ramen Picante Shin Ramyun - Nongshim,1.0,unid.
RAMEN KIMCHI - SAMYANG,Ramen Kimchi - Samyang,1.0,unid.
RAMEN CREAM CARBONARA - BULDAK,Ramen Cream Carbonara - Buldak,1.0,unid.
RAMEN YAKISOBA HOT CHICKEN -BULDAK,Ramen Yakisoba Hot Chicken - Buldak,1.0,unid.
RAMEN ROSÉ - BULDAK,Ramen Rosé - Buldak,1.0,unid.
RAMEN TOMATO HOT CHICKEN - BULDAK,Ramen Tomato Hot Chicken - Buldak,1.0,unid.
RAMEN LOVELY HOT CHICKEN - BULDAK,Ramen Lovely Hot Chicken - Buldak,1.0,unid.
RAMEN JIN - OTTOGI,Ramen Jin - Ottogi,1.0,unid.
RAMEN HOT PEPPER - BULDAK,Ramen Hot Pepper - Buldak,1.0,unid.
RAMEN JJAJANG - BULDAK,Ramen Jjajang - Buldak,1.0,unid.
RAMEN KIMCHI - OTTOGI,Ramen Kimchi - Otoggi,1.0,unid.
RAMEN CURRY - BULDAK,Ramen Curry - Buldak,1.0,unid.
RAMEN QUATTRO CHEESE - BULDAK,Ramen Quattro Cheese - Buldak,1.0,unid.
RAMEN SAMYANG ORIGINAL - SAMYANG,Ramen Samyang - Samyang,1.0,unid.
HUEVO PROTEINA,Huevo,1.0,unid.
POLLO PROTEINA,Pechuga de Pollo,0.108,kg
HUEVO EXTRA,Huevo,1.0,unid.
KINDER DELICE - CREPA,Nutella 1kg,0.041,kg
BONELESS CH - 250g,Bolsa,1.01,unid.
BONELESS CH - 250g,Papa Corte Delgado Kg,0.129,kg
FRESA SANDÍA - CHAMOYADA,Gomitas sandia - SanSabor 1 kg,0.02,kg
SALSA VERDE CHILAQUILES,Salsa Verde Chilaquiles,0.258,L
BÚFALO CHAMPI SALSA CH,Bufalo para alitas Salsa (mr wings champ) - L Mr Wings,0.065,L
BÚFALO CHAMPI SALSA G,Bufalo para alitas Salsa (mr wings champ) - L Mr Wings,0.097,L
FRESA SANDÍA - CHAMOYADA,Miguelito 1kg,0.011,kg
FRESA SANDÍA - CHAMOYADA,Chamoy,0.052,L
KINDER DELICE - CREPA,Kinder delice pastelito - Ferrero 39g,1.0,unid.
KINDER DELICE - CREPA,Mezcla Crepas,0.402,unid.
RANCH CREMOSO ADEREZO M,Ranch Aderezo - L,0.056,L
RAMEN CHEESE - OTTOGI,Ramen Cheese - Ottogi,1.0,unid.
RANCH CREMOSO ADEREZO M,TAPA 00 CUEVAS,1.0,unid.
RANCH CREMOSO ADEREZO M,VASO 00 CUEVAS,1.0,unid.
RANCH CREMOSO ADEREZO G,Ranch Aderezo - L,0.112,L
RANCH CREMOSO ADEREZO G,TAPA PL2 (TS2) INIX,2.0,unid.
RANCH CREMOSO ADEREZO G,VASO TH200 (S200) INIX,2.0,unid.
BLUE CHEESE ADEREZO G,Aderezo Blue Cheese - L,0.112,L
BLUE CHEESE ADEREZO G,VASO TH200 (S200) INIX,2.0,unid.
MARACUYÁ - CHAMOYADA,Chamoy,0.052,L
ICE TALK DURAZNO,Ice Talk Durazno 230ml,1.0,unid.
ICE TALK DURAZNO,VASO 14 PET INIX LC14,1.0,unid.
ICE TALK DURAZNO,Bolsa de Hielo Fiesta 15 Kg,0.188,kg
ICE TALK SANDIA,Ice Talk Sandía 230ml,1.0,unid.
ICE TALK SANDIA,VASO 14 PET INIX LC14,1.0,unid.
ICE TALK SANDIA,Bolsa de Hielo Fiesta 15 Kg,0.188,kg
ICE TALK BLUE LEMON,Ice talk Blue Lemanade 230ml,1.0,unid.
ICE TALK BLUE LEMON,VASO 14 PET INIX LC14,1.0,unid.
ICE TALK BLUE LEMON,Bolsa de Hielo Fiesta 15 Kg,0.167,kg
MARACUYÁ - CHAMOYADA,Miguelito 1kg,0.011,kg
SANDÍA - CHAMOYADA,Miguelito 1kg,0.016,kg
SANDÍA - CHAMOYADA,Gomitas sandia - SanSabor 1 kg,0.02,kg
MINI PIZZA - _PEPPERONI,Pizza Red Baron 1.97 Kg - 4 Quesos,1.0,unid.
MINI PIZZA - _PEPPERONI,Pepperoni Campestre por kilo,0.022,kg
MINI PIZZA - _PEPPERONI,Charola 7 Cuevas,1.0,unid.
BLUE CHEESE ADEREZO G,TAPA PL2 (TS2) INIX,2.0,unid.
BLUE CHEESE ADEREZO M,Aderezo Blue Cheese - L,0.056,L
BLUE CHEESE ADEREZO M,VASO TH200 (S200) INIX,1.0,unid.
BLUE CHEESE ADEREZO M,TAPA PL2 (TS2) INIX,1.0,unid.
KINDER DELICE - CREPA,Kinder delice pastelito - Ferrero 39g,1.0,unid.
SANDÍA - CHAMOYADA,Chamoy,0.046,L
BONELESS CH - 250g,VASO 0 INIX (S100),1.0,unid.
BONELESS CH - 250g,TAPA 0 INIX (TS1),1.0,unid.
BONELESS CH - 250g,Salsa Picante L,0.052,L
BONELESS CH - 250g,Aderezo de Queso,0.054,kg
BONELESS CH - 250g,"Catsup Generica / Mr Wings, Members",0.052,kg
MANGO EN ALMIBAR - Fruta crepa,Mangos en Cubos - Member's Mark,0.145,kg
PAPAS FRITAS - CORTE RECTO J (500g),Papa Corte Regular Cascara Kg,0.538,kg
PAPAS FRITAS - CORTE RECTO J (500g),Aderezo de Queso,0.108,kg
PAPAS FRITAS - CORTE RECTO J (500g),Contenedor 7x7 Liso Reyma,1.0,unid.
RAMEN KIMCHI - BULDAK,Ramen Kimchi - Buldak,1.0,unid.
PAPAS FRITAS - CORTE RECTO J (500g),Papel alimenticio,0.001,kg
VERDURAS - RAMEN,Verduras Great Value congelados 500 g,0.1,kg
MUNCHERS - PALOMITAS DE PAPA - 6 PZA,Munchers Kg,0.108,kg
MUNCHERS - PALOMITAS DE PAPA - 6 PZA,Aderezo de Queso,0.075,kg
MUNCHERS - PALOMITAS DE PAPA - 6 PZA,VASO TH200 (S200) INIX,1.0,unid.
MUNCHERS - PALOMITAS DE PAPA - 6 PZA,TAPA PL2 (TS2) INIX,1.0,unid.
MUNCHERS - PALOMITAS DE PAPA - 6 PZA,Papel alimenticio,0.001,kg
MUNCHERS - PALOMITAS DE PAPA - 6 PZA,Aceite Member 20 L,0.1,L
MUNCHERS - PALOMITAS DE PAPA - 6 PZA,CHAROLA P/ALIMENTOS MINI BCO [ECO403],1.0,unid.
PAPAS FRITAS - CORTE RECTO J (500g),"Catsup Generica / Mr Wings, Members",0.103,kg
PAPAS FRITAS - CORTE RECTO J (500g),Salsa Picante L,0.103,L
PAPAS FRITAS - CORTE RECTO J (500g),Aceite Member 20 L,0.1,L
LEMON PEPPER SALSA G,Sazonador Lemon Pepper - Bolsa 1 Kg,0.015,kg
LEMON PEPPER SALSA G,Lemon Pepper Salsa - L Custom Culinary,0.097,L
BONELESS M - 370g,Papa Corte Delgado Kg,0.15,kg
PHILADELPHIA - CREPA,Mezcla Crepas,0.402,unid.
ARIZONA KIWI FRESA,Arizona Kiwi Fresa,1.0,unid.
JAMÓN - RAMEN,Rebanada Jamón,3.0,unid.
MOZARELLA - RAMEN,Queso Mozzarella,0.052,kg
BONELESS M - 370g,Lechuga Italiana por pieza,0.09,unid.
BONELESS M - 370g,Hamburguesera Chimex Bio,1.0,unid.
BONELESS M - 370g,Zanahoria por kilo,0.094,kg
BONELESS M - 370g,Pepino por kilo,0.084,kg
BONELESS M - 370g,Aceite Member 20 L,0.3,L
BONELESS M - 370g,Papel alimenticio,0.002,kg
BONELESS M - 370g,Bolsa,1.01,unid.
BONELESS M - 370g,VASO 0 INIX (S100),1.0,unid.
BONELESS M - 370g,TAPA 0 INIX (TS1),1.0,unid.
BONELESS M - 370g,Salsa Picante L,0.052,L
BONELESS M - 370g,Aderezo de Queso,0.054,kg
MANGO HABANERO X2 SALSA CH,Mango Habanero Salsa - L Custom Culinary,0.06,L
MANGO HABANERO X2 SALSA G,Mango Habanero Salsa - L Custom Culinary,0.09,L
LOUISIANA SALSA CH,Louisiana Salsa - L -Hot Bull,0.06,L
LOUISIANA SALSA G,Louisiana Salsa - L -Hot Bull,0.09,L
PAPAS FRITAS - CORTE RECTO G (350g),Papa Corte Regular Cascara Kg,0.376,kg
PAPAS FRITAS - CORTE RECTO G (350g),Aderezo de Queso,0.075,kg
MUNCHERS - PALOMITAS DE PAPA - 12 PZA,Munchers Kg,0.269,kg
MUNCHERS - PALOMITAS DE PAPA - 12 PZA,Aderezo de Queso,0.075,kg
MUNCHERS - PALOMITAS DE PAPA - 12 PZA,VASO TH200 (S200) INIX,1.0,unid.
MUNCHERS - PALOMITAS DE PAPA - 12 PZA,TAPA PL2 (TS2) INIX,1.0,unid.
MUNCHERS - PALOMITAS DE PAPA - 12 PZA,Papel alimenticio,0.001,kg
MUNCHERS - PALOMITAS DE PAPA - 12 PZA,Aceite Member 20 L,0.1,L
MUNCHERS - PALOMITAS DE PAPA - 12 PZA,CHAROLA P/ALIMENTOS MINI BCO [ECO403],1.0,unid.
RAMEN KIMCHI - PALDO,Ramen Kimchi - Paldo,1.0,unid.
RAMEN JJAJANG (Combo Corean),Ramen Jjajang - Buldak,1.0,unid.
PAPAS FRITAS - CORTE RECTO G (350g),Contenedor 7x7 Liso Reyma,1.0,unid.
PAPAS FRITAS - CORTE RECTO G (350g),Papel alimenticio,0.001,kg
PAPAS FRITAS - CORTE RECTO G (350g),"Catsup Generica / Mr Wings, Members",0.077,kg
PAPAS FRITAS - CORTE RECTO G (350g),Salsa Picante L,0.077,L
PAPAS FRITAS - CORTE RECTO G (350g),Aceite Member 20 L,0.1,L
BONELESS M - 370g,"Catsup Generica / Mr Wings, Members",0.062,kg
BONELESS M - 370g,Boneless - Kg,0.398,kg
PAPAS FRITAS - CORTE CURLY 170g,Papa Corte Espiral Sazonado Kg,0.183,kg
PAPAS FRITAS - CORTE CURLY 170g,Salsa Picante L,0.052,L
PAPAS FRITAS - CORTE CURLY 170g,Aderezo de Queso,0.054,kg
PAPAS FRITAS - CORTE CURLY 170g,Hamburguesera Chimex Bio,1.0,unid.
PAPAS FRITAS - CORTE CURLY 170g,Papel alimenticio,0.001,kg
PAPAS FRITAS - CORTE CURLY 170g,Aceite Member 20 L,0.1,L
PAPAS FRITAS - CORTE CURLY 170g,"Catsup Generica / Mr Wings, Members",0.052,kg
PAPAS FRITAS - CORTE CURLY 350g,Papa Corte Espiral Sazonado Kg,0.376,kg
PAPAS FRITAS - CORTE CURLY 350g,Salsa Picante L,0.072,L
PAPAS FRITAS - CORTE CURLY 350g,Aderezo de Queso,0.075,kg
PAPAS FRITAS - CORTE CURLY 350g,"Catsup Generica / Mr Wings, Members",0.072,kg
PAPAS FRITAS - CORTE CURLY 350g,Contenedor 7x7 Liso Reyma,1.0,unid.
PAPAS FRITAS - CORTE CURLY 350g,Papel alimenticio,0.001,kg
SANDWICH JAMÓN,Rebanada Queso Amarillo,1.0,unid.
TENDERS 5 PZ,Tenders GRVI,0.269,kg
TENDERS 5 PZ,Hamburguesera Chimex Bio,1.0,unid.
TENDERS 5 PZ,Zanahoria por kilo,0.059,kg
TENDERS 5 PZ,Apio,0.059,kg
TENDERS 5 PZ,Aceite Member 20 L,0.3,L
TENDERS 5 PZ,Papel alimenticio,0.001,kg
TENDERS 5 PZ,Bolsa,1.01,unid.
TENDERS 5 PZ,Papa Corte Delgado Kg,0.12,kg
TENDERS 5 PZ,VASO 0 INIX (S100),1.0,unid.
TENDERS 5 PZ,TAPA 0 INIX (TS1),1.0,unid.
TENDERS 5 PZ,Salsa Picante L,0.052,L
TENDERS 5 PZ,Aderezo de Queso,0.05,kg
TENDERS 5 PZ,"Catsup Generica / Mr Wings, Members",0.052,kg
BUBALOO - Sodas explosivas,Concentrado Bubalo - L Sirope,0.074,L
CREPA SALADA,Charola 7 Cuevas,1.0,unid.
CREPA SALADA,Rollo Aluminio,1.0,unid.
CREPA SALADA,Papel alimenticio,0.005,kg
CREPA SALADA,Mezcla Crepas,0.402,unid.
PAPAS FRITAS - CORTE GAJO 170g,Papa Corte Gajo Sazonados Kg,0.183,kg
PAPAS FRITAS - CORTE GAJO 170g,Salsa Picante L,0.052,L
PAPAS FRITAS - CORTE GAJO 170g,"Catsup Generica / Mr Wings, Members",0.052,kg
PAPAS FRITAS - CORTE GAJO 170g,Aderezo de Queso,0.054,kg
LECHERA - CREPA,Mezcla Crepas,0.402,unid.
NUEZ - Decoración crepa,Nuez Kg,0.011,kg
MERMELADA CEREZA NEGRA - Toppings crepa,Manga cereza negra - Estrali 1Kg,0.036,kg
BONELESS CH - 250g,Lechuga Italiana por pieza,0.09,unid.
BONELESS CH - 250g,Pepino por kilo,0.084,kg
BONELESS CH - 250g,Boneless - Kg,0.269,kg
BONELESS CH - 250g,Rollo Aluminio,1.0,unid.
HOTCAKES 2PZ,Leche Entera - Mermbers 1L,0.11,L
HOTCAKES 2PZ,Huevo,1.0,unid.
PAPAS FRITAS - CORTE GAJO 170g,Hamburguesera Chimex Bio,1.0,unid.
HOTCAKES 2PZ,Contenedor 7x7 Liso Reyma,1.0,unid.
HOTCAKES 2PZ,Plátano Kg,0.15,kg
CHISPAS DE CHOCOLATE - Decoración crepa,Chispas Chocolate - Herseys 1kg,0.015,kg
PAPAS FRITAS - CORTE GAJO 170g,Papel alimenticio,0.001,kg
PAPAS FRITAS - CORTE GAJO 170g,Aceite Member 20 L,0.1,L
ALMENDRAS - Decoración crepa,Almendra fileteada,0.015,kg
PAPAS FRITAS - CORTE CURLY 350g,Aceite Member 20 L,0.1,L
PAPAS FRITAS - CORTE CURLY 500g,Papa Corte Espiral Sazonado Kg,0.538,kg
PAPAS FRITAS - CORTE CURLY 500g,Salsa Picante L,0.103,L
PAPAS FRITAS - CORTE CURLY 500g,"Catsup Generica / Mr Wings, Members",0.103,kg
PAPAS FRITAS - CORTE CURLY 500g,Aderezo de Queso,0.108,kg
PAPAS FRITAS - CORTE CURLY 500g,Papel alimenticio,0.001,kg
PAPAS FRITAS - CORTE CURLY 500g,Contenedor 7x7 Liso Reyma,1.0,unid.
PAPAS FRITAS - CORTE CURLY 500g,Aceite Member 20 L,0.1,L
BAILEYS FRAPPÉ,Concentrado Baileys - L Sirope,0.053,L
BAILEYS FRAPPÉ,Chocolate Baileys - Turin Pza,1.0,unid.
FRAPPÉ 16 OZ (G),VASO LC16 PET INIX,1.0,unid.
FRAPPÉ 16 OZ (G),TAPA DOMO DL98 INIX,1.0,unid.
FRAPPÉ 16 OZ (G),Bolsa de Hielo Fiesta 15 Kg,0.29,kg
FRAPPÉ 16 OZ (G),Clavel Polvo Caja 24 piezas 460gr,0.075,kg
FRAPPÉ 16 OZ (G),Wafer sticks avellana - Marian 100 pza,0.01,unid.
FRAPPÉ 14 OZ (CH),VASO 14 PET INIX LC14,1.0,unid.
FRAPPÉ 14 OZ (CH),TAPA DOMO DL92 INIX C/1000 PZA,1.0,unid.
FRAPPÉ 14 OZ (CH),Clavel Polvo Caja 24 piezas 460gr,0.05,kg
FRAPPÉ 14 OZ (CH),Bolsa de Hielo Fiesta 15 Kg,0.19,kg
FRAPPÉ 14 OZ (CH),Wafer sticks avellana - Marian 100 pza,0.01,unid.
LUNETAS M&M's - Decoración crepa,M&M mini,1.0,unid.
SANDWICH JAMÓN,Lechuga Italiana por pieza,0.067,unid.
SANDWICH JAMÓN,Queso manchego Rebanada,1.0,unid.
HOTCAKES 2PZ,Rollo Aluminio,1.0,unid.
HOTCAKES 2PZ,TENEDOR SOPERO CLASSY,1.0,unid.
PEPINO LIMÓN - CHAMOYADA,Miguelito 1kg,0.011,kg
PAPAS FRITAS - CORTE RECTO - CH (170g),Papa Corte Regular Cascara Kg,0.183,kg
PAPAS FRITAS - CORTE RECTO - CH (170g),Aderezo de Queso,0.054,kg
PAPAS FRITAS - CORTE RECTO - CH (170g),Papel alimenticio,0.001,kg
PAPAS FRITAS - CORTE RECTO - CH (170g),"Catsup Generica / Mr Wings, Members",0.052,kg
PAPAS FRITAS - CORTE RECTO - CH (170g),Salsa Picante L,0.052,L
PAPAS FRITAS - CORTE RECTO - CH (170g),Hamburguesera Chimex Bio,1.0,unid.
PAPAS FRITAS - CORTE RECTO - CH (170g),Aceite Member 20 L,0.1,L
CHAMOYADA,VASO 16L REYMA,1.0,unid.
CHAMOYADA,TAPA DOMO 16 REYMA,1.0,unid.
CHAMOYADA,Garrafon Agua Bonafont,0.045,L
CHAMOYADA,POPOTE PARA TAPIOCA,0.005,kg
PEPINO LIMÓN - CHAMOYADA,Chamoy,0.052,L
PINK LEMONADE - CHAMOYADA,Miguelito 1kg,0.011,kg
CONEJITO TURÍN FRAPPÉ,Conejito - Turín,2.0,unid.
PAPAS FRITAS - CORTE DELGADO 170g,Papa Corte Delgado Kg,0.183,kg
PAPAS FRITAS - CORTE DELGADO 170g,Salsa Picante L,0.052,L
PAPAS FRITAS - CORTE DELGADO 170g,"Catsup Generica / Mr Wings, Members",0.052,kg
PAPAS FRITAS - CORTE DELGADO 170g,Aderezo de Queso,0.054,kg
PAPAS FRITAS - CORTE DELGADO 170g,Hamburguesera Chimex Bio,1.0,unid.
PAPAS FRITAS - CORTE DELGADO 170g,Papel alimenticio,0.001,kg
PAPAS FRITAS - CORTE DELGADO 170g,Aceite Member 20 L,0.1,L
PINK LEMONADE - CHAMOYADA,Chamoy,0.046,L
GANSITO CREPA,Rollo Aluminio,1.0,unid.
GANSITO CREPA,Papel alimenticio,0.005,kg
GANSITO CREPA,Charola 7 Cuevas,1.0,unid.
CHILAQ VERDE CHICOS,Totopos,0.059,kg
CHILAQ VERDE CHICOS,Charola 7 Cuevas,1.0,unid.
CHILAQ VERDE CHICOS,Queso Panela,0.1,kg
CHILAQ VERDE CHICOS,Crema,0.097,L
CHILAQ VERDE CHICOS,Salsa Verde Chilaquiles,0.177,L
CHILAQ VERDE CHICOS,TENEDOR SOPERO CLASSY,1.0,unid.
SMOOTHIE MANGO,Mangos en Cubos - Member's Mark,0.145,kg
CHOCOMENTAS - Decoración crepa,Chocomenta mini - selfies,0.011,kg
MAZAPÁN FRAPPÉ,Mazapan Polvo - La Rosa 1kg,0.093,kg
MAZAPÁN FRAPPÉ,Mazapán Jumbo - La Rosa 50g,1.0,unid.
CHAMOYADA 16 OZ,VASO 16L REYMA,1.0,unid.
CHAMOYADA 16 OZ,Bolsa de Hielo Fiesta 15 Kg,0.452,kg
CHAMOYADA 16 OZ,Tapa Domo 16oz - MIG,1.0,unid.
CHAMOYADA 16 OZ,Banderilla mango - El Gato,0.021,unid.
CHAMOYADA 16 OZ,Gomitas Lombriz - Cuanda 1kg,0.025,kg
CHAMOYADA 16 OZ,Gomitas ositos - Cuanda 1kg,0.021,kg
CHAMOYADA 14 OZ,VASO 14 PET INIX LC14,1.0,unid.
CHAMOYADA 14 OZ,Tapa Domo 16oz - MIG,1.0,unid.
CHAMOYADA 14 OZ,Bolsa de Hielo Fiesta 15 Kg,0.344,kg
CHAMOYADA 14 OZ,Banderilla mango - El Gato,0.021,unid.
CHAMOYADA 14 OZ,Gomitas Lombriz - Cuanda 1kg,0.025,kg
CHAMOYADA 14 OZ,Gomitas ositos - Cuanda 1kg,0.021,kg
PAPAS FRITAS - CORTE GAJO 500g,Papa Corte Gajo Sazonados Kg,0.538,kg
GANSITO CREPA,Mezcla Crepas,0.402,unid.
GANSITO CREPA,Manga mermelada fresa - 1kg,0.036,kg
FERRERO FRAPPÉ,Chocolate Ferrero - 1 pza,2.0,unid.
GALLETA OREO - Toppings crepa,Oreo mini - bolsa 226g,0.04,kg
COOKIES & CREAM (OREO) FRAPPÉ,Oreo mini - bolsa 226g,0.06,kg
GRANILLO HALLOWEEN,Granillo Halloween,0.005,kg
GRANILLO FRESA - Decoración crepa,Granillo fresa,0.005,kg
GRANILLO CAPPUCCINO - Decoración crepa,Granillo cappuccino,0.005,kg
GRANILLO CHOCOLATE - Decoración crepa,Granillo chocolate,0.005,kg
GANSITO CREPA,Mini Gansito - Marinela 24 gr,1.0,unid.
GANSITO CREPA,Fresa natural,0.091,kg
GANSITO CREPA,Manga crema batida - On Top 453gr,0.045,kg
GANSITO CREPA,Chispas Chocolate - Herseys 1kg,0.015,kg
GANSITO CREPA,TENEDOR SOPERO CLASSY,1.0,unid.
GANSITO CREPA,Nutella 1kg,0.062,kg
PAPAS FRITAS - CORTE DELGADO 280g,Papa Corte Delgado Kg,0.301,kg
PAPAS FRITAS - CORTE DELGADO 280g,Salsa Picante L,0.052,L
PAPAS FRITAS - CORTE DELGADO 280g,"Catsup Generica / Mr Wings, Members",0.052,kg
PAPAS FRITAS - CORTE DELGADO 280g,Aderezo de Queso,0.054,kg
PAPAS FRITAS - CORTE DELGADO 280g,Hamburguesera Chimex Bio,1.0,unid.
PAPAS FRITAS - CORTE DELGADO 280g,Papel alimenticio,0.001,kg
PAPAS FRITAS - CORTE DELGADO 280g,Aceite Member 20 L,0.1,L
PAPAS FRITAS - CORTE DELGADO 350g,Papa Corte Delgado Kg,0.376,kg
PAPAS FRITAS - CORTE DELGADO 350g,Salsa Picante L,0.072,L
PAPAS FRITAS - CORTE DELGADO 350g,"Catsup Generica / Mr Wings, Members",0.072,kg
PAPAS FRITAS - CORTE DELGADO 350g,Aderezo de Queso,0.075,kg
PAPAS FRITAS - CORTE DELGADO 350g,Hamburguesera Chimex Bio,1.0,unid.
PAPAS FRITAS - CORTE DELGADO 350g,Papel alimenticio,0.001,kg
PAPAS FRITAS - CORTE DELGADO 350g,Aceite Member 20 L,0.1,L
PAPAS FRITAS - CORTE GAJO 500g,"Catsup Generica / Mr Wings, Members",0.103,kg
PAPAS FRITAS - CORTE GAJO 500g,Salsa Picante L,0.103,L
PAPAS FRITAS - CORTE GAJO 500g,Aderezo de Queso,0.108,kg
PAPAS FRITAS - CORTE GAJO 500g,Contenedor 7x7 Liso Reyma,1.0,unid.
PAPAS FRITAS - CORTE GAJO 500g,Papel alimenticio,0.001,kg
PAPAS FRITAS - CORTE GAJO 500g,Aceite Member 20 L,0.1,L
SANDWICH 3 QUESOS,Rebanada Pan blanco Wonder con ajonjolí 567 g,2.0,unid.
SANDWICH 3 QUESOS,Rebanada Jamón,1.0,unid.
SANDWICH 3 QUESOS,Rebanada Queso Amarillo,1.0,unid.
SANDWICH 3 QUESOS,Lechuga Italiana por pieza,0.067,unid.
SANDWICH 3 QUESOS,Queso manchego Rebanada,1.0,unid.
KINDER BUENO - CREPA,Kinder bueno - Ferrero 43g,1.0,unid.
LIMÓN - CHAMOYADA,Miguelito 1kg,0.011,kg
LIMÓN - CHAMOYADA,Chamoy,0.052,L
KINDER BUENO - CREPA,Nutella 1kg,0.041,kg
KINDER BUENO - CREPA,Mezcla Crepas,0.402,unid.
KINDER BUENO - CREPA,Kinder bueno - Ferrero 43g,1.0,unid.
DEDOS DE QUESO 3 PZA,Dedos de Queso Kg,0.108,kg
DEDOS DE QUESO 3 PZA,Contenedor 7x7 Liso Reyma,1.0,unid.
DEDOS DE QUESO 3 PZA,Papel alimenticio,0.005,kg
KIT KAT CREPA,Rollo Aluminio,1.0,unid.
KIT KAT CREPA,Papel alimenticio,0.005,kg
KIT KAT CREPA,Charola 7 Cuevas,1.0,unid.
KIT KAT CREPA,Mezcla Crepas,0.402,unid.
KIT KAT CREPA,Fresa natural,0.091,kg
KIT KAT CREPA,Kit Kat - Nestlé 41.5g,1.0,unid.
KIT KAT CREPA,Queso Crema Philadelphia,0.065,kg
KIT KAT CREPA,Chispas Chocolate - Herseys 1kg,0.015,kg
RAMEN CARBONARA VOLCANO - Paldo,Ramen Carbonara - Volcano,1.0,unid.
PAPAS A LA FRANCESA IND (170gr),Papa Corte Ondulado Kg,0.183,kg
FRAPPÉ GATUNO,Bolsa de Hielo Fiesta 15 Kg,0.215,kg
FRAPPÉ GATUNO,Leche en polvo Carnation clavel Kg,0.047,kg
BONELESS J - 1 Kg,Papa Corte Delgado Kg,0.35,kg
BONELESS J - 1 Kg,Lechuga Italiana por pieza,0.09,unid.
BONELESS J - 1 Kg,TAPA PL2 (TS2) INIX,1.0,unid.
BONELESS J - 1 Kg,VASO TH200 (S200) INIX,1.0,unid.
BONELESS J - 1 Kg,Contenedor 8x8 Liso Bio Reyma,1.0,unid.
BONELESS J - 1 Kg,Papel alimenticio,0.002,kg
BONELESS J - 1 Kg,Zanahoria por kilo,0.118,kg
BONELESS J - 1 Kg,Pepino por kilo,0.105,kg
BONELESS J - 1 Kg,Aceite Member 20 L,0.4,L
BONELESS J - 1 Kg,Rollo Aluminio,1.0,unid.
BONELESS J - 1 Kg,Bolsa,1.01,unid.
BONELESS J - 1 Kg,Salsa Picante L,0.103,L
BONELESS J - 1 Kg,"Catsup Generica / Mr Wings, Members",0.103,kg
BONELESS J - 1 Kg,Boneless - Kg,1.075,kg
BONELESS J - 1 Kg,Ranch Aderezo - L,0.061,L
LECHE DESLACTOSADA,Leche Deslactosada - Santa Clara 1L,0.196,L
KIT KAT CREPA,Jarabe Hershey's Chocolate kg,0.016,kg
KIT KAT CREPA,TENEDOR SOPERO CLASSY,1.0,unid.
KIT KAT CREPA,Nutella 1kg,0.062,kg
DEDOS DE QUESO 3 PZA,VASO TH200 (S200) INIX,1.0,unid.
DEDOS DE QUESO 3 PZA,TAPA PL2 (TS2) INIX,1.0,unid.
DEDOS DE QUESO 3 PZA,"Catsup Generica / Mr Wings, Members",0.062,kg
RANCH HABANERO ADEREZO G,Ranch Habanero - L Custom Culinary,0.097,L
RANCH HABANERO ADEREZO G,VASO TH200 (S200) INIX,2.0,unid.
RANCH HABANERO ADEREZO G,TAPA PL2 (TS2) INIX,2.0,unid.
COMBO BONELESS GATO FRIEND ZONE (250GR),Ranch Aderezo - L,0.045,L
COMBO BONELESS GATO FRIEND ZONE (250GR),TAPA 00 CUEVAS,1.0,unid.
COMBO BONELESS GATO FRIEND ZONE (250GR),VASO 00 CUEVAS,1.0,unid.
COMBO BONELESS GATO FRIEND ZONE (250GR),Contenedor 7x7 Liso Reyma,1.0,unid.
COMBO BONELESS GATO FRIEND ZONE (250GR),Papel alimenticio,0.001,kg
COMBO BONELESS GATO FRIEND ZONE (250GR),Boneless - Kg,0.256,kg
ALITAS CH - 250g,Alitas Picosas FC 6X2 KG,0.25,kg
ALITAS CH - 250g,Papa Corte Delgado Kg,0.15,kg
PAPAS FRITAS - CORTE DELGADO 500g,Papa Corte Delgado Kg,0.538,kg
PAPAS FRITAS - CORTE DELGADO 500g,Salsa Picante L,0.072,L
PAPAS FRITAS - CORTE DELGADO 500g,"Catsup Generica / Mr Wings, Members",0.072,kg
PAPAS FRITAS - CORTE DELGADO 500g,Aderezo de Queso,0.075,kg
PAPAS FRITAS - CORTE DELGADO 500g,Contenedor 7x7 Liso Reyma,1.0,unid.
PAPAS FRITAS - CORTE DELGADO 500g,Papel alimenticio,0.001,kg
PAPAS FRITAS - CORTE DELGADO 500g,Aceite Member 20 L,0.1,L
PAPAS FRITAS - CORTE GAJO 380g,Papa Corte Gajo Sazonados Kg,0.538,kg
PAPAS FRITAS - CORTE GAJO 380g,Salsa Picante L,0.103,L
PAPAS FRITAS - CORTE GAJO 380g,"Catsup Generica / Mr Wings, Members",0.103,kg
PAPAS FRITAS - CORTE GAJO 380g,Aderezo de Queso,0.108,kg
PAPAS FRITAS - CORTE GAJO 380g,Contenedor 7x7 Liso Reyma,1.0,unid.
PAPAS FRITAS - CORTE GAJO 380g,Papel alimenticio,0.001,kg
PAPAS FRITAS - CORTE GAJO 380g,Aceite Member 20 L,0.1,L
PAPAS FRITAS - CORTE CURLY 280g,Papa Corte Espiral Sazonado Kg,0.29,kg
PAPAS FRITAS - CORTE CURLY 280g,Aderezo de Queso,0.075,kg
PAPAS FRITAS - CORTE CURLY 280g,Papel alimenticio,0.001,kg
PAPAS FRITAS - CORTE CURLY 280g,Hamburguesera Chimex Bio,1.0,unid.
PAPAS FRITAS - CORTE CURLY 280g,Aceite Member 20 L,0.1,L
PAPAS FRITAS - CORTE CURLY 280g,Salsa Picante L,0.103,L
PAPAS FRITAS - CORTE CURLY 280g,"Catsup Generica / Mr Wings, Members",0.103,kg
COCA COLA 355ml,Refresco Coca-Cola 32 pzas de 355 ml,1.0,unid.
BONELESS G - 500g,TAPA PL2 (TS2) INIX,1.0,unid.
BONELESS G - 500g,VASO TH200 (S200) INIX,1.0,unid.
Helado Flotante Limón,Refresco Coca-Cola 32 pzas de 355 ml,1.0,unid.
Helado Flotante Limón,Nieve de Limón Member's Mark 4.7 L,0.118,L
Helado Flotante Limón,Vaso Pet16oz - MIG,1.0,unid.
Helado Flotante Limón,TAPA TRAVELER 16 INIX (TPS16N),1.0,unid.
RAMEN POLLO - OTOKI,Ramen Pollo - Otoki,1.0,unid.
GANSITO FRAPPE,Mini Gansito - Marinela 24 gr,1.0,unid.
MARUCHAN QUESO,Maruchan Vaso Queso - 64 Gr,1.0,unid.
PREPARADO LLEVAR,16MJ32 ENVASE DART BOWL MEDIO,1.0,unid.
PREPARADO LLEVAR,Palillos chinos - 1 par,1.0,unid.
BONELESS G - 500g,Ranch Aderezo - L,0.06,L
BONELESS G - 500g,Contenedor 7x7 Liso Reyma,1.0,unid.
BONELESS G - 500g,Papa Corte Delgado Kg,0.3,kg
BONELESS G - 500g,Lechuga Italiana por pieza,0.09,unid.
CAJETA MINI DONAS 14PZ,Cajeta,0.031,kg
CAJETA MINI DONAS 8PZ,Cajeta,0.046,kg
CAJETA FRAPPÉ,Cajeta,0.052,kg
CAJETA - Toppings crepa,Cajeta,0.036,kg
CAJETA - CREPA,Mezcla Crepas,0.402,unid.
CAJETA - CREPA,Cajeta,0.036,kg
BONELESS G - 500g,Zanahoria por kilo,0.118,kg
BONELESS G - 500g,Pepino por kilo,0.105,kg
BONELESS G - 500g,Aceite Member 20 L,0.4,L
CEREZA - CHAMOYADA,Chamoy,0.052,L
BONELESS G - 500g,Papel alimenticio,0.002,kg
CEREZA - CHAMOYADA,Miguelito 1kg,0.011,kg
FRUTOS ROJOS - CHAMOYADA,Chamoy,0.052,L
FRUTOS ROJOS - CHAMOYADA,Miguelito 1kg,0.011,kg
MOJITO - CHAMOYADA,Chamoy,0.046,L
MOJITO - CHAMOYADA,Miguelito 1kg,0.011,kg
BONELESS G - 500g,Rollo Aluminio,1.0,unid.
BONELESS G - 500g,Bolsa,1.01,unid.
CUERNITO SALADO,CUERNITO,1.0,unid.
CUERNITO SALADO,Lechuga Italiana por pieza,0.108,unid.
CUERNITO SALADO,Mayonesa Cda,1.075,unid.
CUERNITO SALADO,Charola 7 Cuevas,1.0,unid.
CUERNITO SALADO,Rollo Aluminio,1.0,unid.
CUERNITO SALADO,Rebanada Jamón,1.0,unid.
CUERNITO SALADO,Rebanada Queso Amarillo,1.0,unid.
BONELESS G - 500g,Salsa Picante L,0.093,L
BONELESS G - 500g,"Catsup Generica / Mr Wings, Members",0.093,kg
FERRERO CREPA,Rollo Aluminio,1.0,unid.
FERRERO CREPA,Papel alimenticio,0.005,kg
FERRERO CREPA,Charola 7 Cuevas,1.0,unid.
FERRERO CREPA,Mezcla Crepas,0.402,unid.
FRESA - CHAMOYADA,Miguelito 1kg,0.537,kg
FRESA - CHAMOYADA,Chamoy,0.015,L
BONELESS G - 500g,Boneless - Kg,0.538,kg
LECHE DESLACTOSADA BOBAH TEA,Leche Deslactosada - Santa Clara 1L,0.392,L
FERRERO CREPA,Chocolate Ferrero - 1 pza,2.0,unid.
FERRERO CREPA,Nutella 1kg,0.062,kg
FERRERO CREPA,Queso Crema Philadelphia,0.065,kg
FERRERO CREPA,Jarabe Hershey's Chocolate kg,0.016,kg
FERRERO CREPA,TENEDOR SOPERO CLASSY,1.0,unid.
FERRERO CREPA,Almendra fileteada,0.015,kg
RANCH HABANERO ADEREZO M,Ranch Habanero - L Custom Culinary,0.048,L
RANCH HABANERO ADEREZO M,VASO TH200 (S200) INIX,1.0,unid.
RANCH HABANERO ADEREZO M,TAPA PL2 (TS2) INIX,1.0,unid.
COMBO BONELESS GATO MIMADO (500gr),Ranch Aderezo - L,0.06,L
COMBO BONELESS GATO MIMADO (500gr),TAPA PL2 (TS2) INIX,1.0,unid.
COMBO BONELESS GATO MIMADO (500gr),VASO TH200 (S200) INIX,1.0,unid.
COMBO BONELESS GATO MIMADO (500gr),Papel alimenticio,0.001,kg
CHILAQ VERDES GRANDES,Totopos,0.081,kg
CHILAQ VERDES GRANDES,Charola 7 Cuevas,1.0,unid.
CHILAQ VERDES GRANDES,Queso Panela,0.12,kg
CHILAQ VERDES GRANDES,Crema,0.108,L
CHILAQ VERDES GRANDES,Salsa Verde Chilaquiles,0.269,L
CHILAQ VERDES GRANDES,TENEDOR SOPERO CLASSY,1.0,unid.
CHILAQ ROJOS GRANDES,Totopos,0.081,kg
CHILAQ ROJOS GRANDES,Charola 7 Cuevas,1.0,unid.
CHILAQ ROJOS GRANDES,Queso Panela,0.108,kg
CHILAQ ROJOS GRANDES,Crema,0.108,L
CHILAQ ROJOS GRANDES,Salsa Roja Chilaquiles,0.269,L
CHILAQ ROJOS GRANDES,TENEDOR SOPERO CLASSY,1.0,unid.
CHILAQ ROJO CHICO,Totopos,0.059,kg
CHILAQ ROJO CHICO,Charola 7 Cuevas,1.0,unid.
CHILAQ ROJO CHICO,Queso Panela,0.108,kg
CHILAQ ROJO CHICO,Crema,0.108,L
CHILAQ ROJO CHICO,Salsa Roja Chilaquiles,0.177,L
CHILAQ ROJO CHICO,TENEDOR SOPERO CLASSY,1.0,unid.
COMBO BONELESS GATO MIMADO (500gr),Contenedor 8x8 Liso Bio Reyma,1.0,unid.
COMBO BONELESS GATO MIMADO (500gr),Boneless - Kg,0.511,kg
BBQ SALSA CH,BBQ Salsa L - Hunts,0.059,L
BBQ SALSA G,BBQ Salsa L - Hunts,0.091,L
AJO PARMESANO ADEREZO M,Ajo Parmesano Aderezo - L Mr Wings,0.059,L
CREPIZZA PEPPERONI,Queso Mozzarella,0.103,kg
CREPIZZA PEPPERONI,Queso Crema Philadelphia,0.065,kg
CREPIZZA PEPPERONI,Peperoni,0.038,kg
CREPIZZA PEPPERONI,Charola 7 Cuevas,1.0,unid.
CREPIZZA PEPPERONI,Rollo Aluminio,2.0,unid.
CREPIZZA PEPPERONI,Papel alimenticio,0.005,kg
CREPIZZA PEPPERONI,Mezcla Crepas,0.402,unid.
CREPIZZA PEPPERONI,Salsa Hunts cuatro quesos 360 g,0.082,kg
CREPIZZA PEPPERONI,Queso parmesano,0.005,kg
LEMON PEPPER SALSA CH,Sazonador Lemon Pepper - Bolsa 1 Kg,0.015,kg
LEMON PEPPER SALSA CH,Lemon Pepper Salsa - L Custom Culinary,0.065,L
PAPAS FRITAS - CORTE GAJO 270g,Papa Corte Gajo Sazonados Kg,0.29,kg
PAPAS FRITAS - CORTE GAJO 270g,Salsa Picante L,0.103,L
PAPAS FRITAS - CORTE GAJO 270g,Aderezo de Queso,0.108,kg
PAPAS FRITAS - CORTE GAJO 270g,"Catsup Generica / Mr Wings, Members",0.103,kg
PAPAS FRITAS - CORTE GAJO 270g,Hamburguesera Chimex Bio,1.0,unid.
PAPAS FRITAS - CORTE GAJO 270g,Papel alimenticio,0.001,kg
PAPAS FRITAS - CORTE GAJO 270g,Aceite Member 20 L,0.1,L
DEDOS DE QUESO 8 PZA,Dedos de Queso Kg,0.289,kg
DEDOS DE QUESO 8 PZA,Hamburguesera Chimex Bio,1.0,unid.
DEDOS DE QUESO 8 PZA,Aderezo de Queso,0.075,kg
DEDOS DE QUESO 8 PZA,VASO TH200 (S200) INIX,1.0,unid.
DEDOS DE QUESO 8 PZA,TAPA PL2 (TS2) INIX,1.0,unid.
DEDOS DE QUESO 8 PZA,Papel alimenticio,0.001,kg
PAPAS FRITAS - CORTE RECTO M (270g),Papa Corte Regular Cascara Kg,0.29,kg
PAPAS FRITAS - CORTE RECTO M (270g),Aderezo de Queso,0.075,kg
PAPAS FRITAS - CORTE RECTO M (270g),Papel alimenticio,0.001,kg
PAPAS FRITAS - CORTE RECTO M (270g),"Catsup Generica / Mr Wings, Members",0.077,kg
PAPAS FRITAS - CORTE RECTO M (270g),Salsa Picante L,0.077,L
PAPAS FRITAS - CORTE RECTO M (270g),Hamburguesera Chimex Bio,1.0,unid.
PAPAS FRITAS - CORTE RECTO M (270g),Aceite Member 20 L,0.1,L
JALAPEÑO RELLENO 8PZA,Jalapeños Rellenos Kg,0.301,kg
MOSTAZA MIEL ADEREZO G,Aderezo Mostaza Miel - Custom Culinary,0.118,L
MOSTAZA MIEL ADEREZO G,TAPA PL2 (TS2) INIX,2.0,unid.
MOSTAZA MIEL ADEREZO G,VASO TH200 (S200) INIX,2.0,unid.
MOSTAZA MIEL ADEREZO M,Aderezo Mostaza Miel - Custom Culinary,0.059,L
MOSTAZA MIEL ADEREZO M,TAPA 00 CUEVAS,1.0,unid.
MOSTAZA MIEL ADEREZO M,VASO 00 CUEVAS,0.001,unid.
