Id.,Categoría,Nombre,Disponibilidad,Unidad,Stock,Unidad.1,Stock Mínimo,Unidad.2,Proveedor,Costo unitario,Costo total
267,Abarrotes,Palillos chinos - 1 par,133.0,unid.,133.0,unid.,20.0,unid.,,77.68,10331.44
250,Abarrotes,Tortillas,4.0,kg,4.0,kg,,,Tienda Abarrotes,13.0,52.0
50,Aceites,Aceite Comestible Puro De Canola Vita 825ml,0.0,L,-6.125,L,0.2,L,Aurrera,39.67,
86,Aceites,Aceite Member 20 L,0.0,L,-294.2,L,,,Sam's Club,43.43,
245,Aderezos,Aderezo Blue Cheese - L,1.573,L,1.573,L,,,MERCADO LIBRE,75.62,118.95026
349,Aderezos,Aderezo Honey Mustard (Mostaza Miel) 3.7kg,1.0,unid.,1.0,unid.,,,Custom Culinary,342.07,342.07
328,Aderezos,Ajo Parmesano Aderezo - L Mr Wings,0.0,L,-0.336,L,,,Mr Wings,,
203,Aderezos,Caldo de pollo Knorr en polvo,0.009,kg,0.009,kg,,,Aurrera,125.0,1.125
337,Aderezos,Hot BBQ L - Custom Culinary,3.785,L,3.785,L,,,Custom Culinary,71.07,268.99995
125,Aderezos,Mayonesa 870g,,,,,,,Aurrera,92.5,
263,Aderezos,Miguelito 1kg,0.0,kg,-2.194,kg,0.05,kg,Dulceria rosita,87.6,
341,Aderezos,Ranch Habanero - L Custom Culinary,0.887,L,0.887,L,,,MERCADO LIBRE,87.84,77.91408
117,Aderezos,Salsa Picante L,0.0,L,-90.277,L,,,Sam's Club,30.0,
320,Aderezos,Salsa Roja Chilaquiles,0.0,unid.,,,,,,,
127,Aderezos,Salsa Verde Chilaquiles,0.0,unid.,,,,,,,
342,Aderezos,Smoky Bbq - L Custom Culinary,0.458,L,0.458,L,,,MERCADO LIBRE,139.13,63.72154
339,Aderezos,Sobre salsa catsup Heinz 9g,,,,,,,Sam's Club,,
107,Agua,Agua Mineral 2L 3B,0.0,L,-223.36,L,4.0,L,3B,6.5,
359,Alimentos en bolsa,BULDAK SWICY,,,,,,,,0.0,
315,Alimentos en bolsa,Maruchan Vaso Queso - 64 Gr,0.0,unid.,0.0,unid.,5.0,unid.,MERCADO LIBRE,15.21,
171,Alimentos en bolsa,Ramen Carbonara - Buldak,0.0,unid.,-15.0,unid.,5.0,unid.,ML - TOYO FOODS,40.0,
329,Alimentos en bolsa,Ramen Carbonara - Volcano,0.0,unid.,0.0,unid.,,,MEGAFOOD,30.41,
233,Alimentos en bolsa,Ramen Cheese - Ottogi,0.0,unid.,-2.0,unid.,5.0,unid.,,52.5,
179,Alimentos en bolsa,Ramen Cream Carbonara - Buldak,0.0,unid.,-17.0,unid.,8.0,unid.,,35.0,
188,Alimentos en bolsa,Ramen Curry - Buldak,6.0,unid.,6.0,unid.,5.0,unid.,,29.0,174.0
172,Alimentos en bolsa,Ramen Habanero Limon - Buldak,,,,,,,,,
174,Alimentos en bolsa,Ramen Hot Chicken 2X - Buldak,8.0,unid.,8.0,unid.,5.0,unid.,,26.57,212.56
175,Alimentos en bolsa,Ramen Hot Chicken 3X -Buldak,0.0,unid.,0.0,unid.,3.0,unid.,,40.0,
173,Alimentos en bolsa,Ramen Hot Chicken - Buldak,10.0,unid.,10.0,unid.,2.0,unid.,,32.0,320.0
176,Alimentos en bolsa,Ramen Hot Chicken Cheese - Buldak,3.0,unid.,3.0,unid.,5.0,unid.,,27.98,83.94
185,Alimentos en bolsa,Ramen Hot Pepper - Buldak,0.0,unid.,0.0,unid.,5.0,unid.,,,
186,Alimentos en bolsa,Ramen Jjajang - Buldak,0.0,unid.,0.0,unid.,5.0,unid.,,32.0,
243,Alimentos en bolsa,Ramen Kimchi - Buldak,0.0,unid.,0.0,unid.,3.0,unid.,,,
187,Alimentos en bolsa,Ramen Kimchi - Otoggi,0.0,unid.,-3.0,unid.,5.0,unid.,,40.0,
256,Alimentos en bolsa,Ramen Kimchi - Paldo,21.0,unid.,21.0,unid.,5.0,unid.,,30.59,642.39
178,Alimentos en bolsa,Ramen Kimchi - Samyang,0.0,unid.,-1.0,unid.,5.0,unid.,,25.6,
183,Alimentos en bolsa,Ramen Lovely Hot Chicken - Buldak,0.0,unid.,0.0,unid.,4.0,unid.,,41.33,
177,Alimentos en bolsa,Ramen Picante Shin Ramyun - Nongshim,0.0,unid.,-2.0,unid.,5.0,unid.,ML - GUVALFOODS,26.5,
308,Alimentos en bolsa,Ramen Pollo - Otoki,,,,,,,,40.0,
189,Alimentos en bolsa,Ramen Quattro Cheese - Buldak,24.0,unid.,24.0,unid.,11.0,unid.,,40.0,960.0
299,Alimentos en bolsa,Ramen Ramyon Pollo - Ottogi,0.0,unid.,0.0,unid.,,,ML - TOYO FOODS,2.19,
181,Alimentos en bolsa,Ramen Rosé - Buldak,0.0,unid.,0.0,unid.,8.0,unid.,,45.0,
190,Alimentos en bolsa,Ramen Samyang - Samyang,0.0,unid.,0.0,unid.,5.0,unid.,,14.0,
347,Alimentos en bolsa,Ramen samyang Tom Yum- buldak,,,,,,,,,
182,Alimentos en bolsa,Ramen Tomato Hot Chicken - Buldak,0.0,unid.,0.0,unid.,6.0,unid.,,,
346,Alimentos en bolsa,Ramen Tomy Yum - buldak samyang,,,,,,,,75.0,
180,Alimentos en bolsa,Ramen Yakisoba Hot Chicken - Buldak,0.0,unid.,0.0,unid.,5.0,unid.,,,
300,Alimentos en bolsa,Rapokki de queso - Yopokki 260g,0.0,unid.,0.0,unid.,,,MEGAZONE,52.0,
213,Azúcar y sustitutos,Azúcar estándar Aurrera 900 g,1.0,unid.,1.0,unid.,,,Aurrera,25.0,25.0
221,Bases Frappe,Base Algodón de Azúcar - MIG,1.8,kg,1.8,kg,0.5,kg,MIG,213.15,383.67
224,Bases Frappe,Base Choco Avellana - MIG,0.848,kg,0.848,kg,,,MIG,493.29,418.30992
219,Bases Frappe,Base Fresas con Crema 1Kg - MIG,0.3,kg,0.3,kg,,,MIG,213.15,63.945
223,Bases Frappe,Base Matcha Té Verde 1kg - MIG,0.4,kg,0.4,kg,,,MIG,284.49,113.796
220,Bases Frappe,Base Mix Red Velvet (1Kg) - MIG,1.1,kg,1.1,kg,,,MIG,258.39,284.229
225,Bases Frappe,Base sabor Chocolate Blanco kg - MIG,1.6,kg,1.6,kg,,,MIG,397.59,636.144
227,Bases Frappe,Base Sabor Vainilla kg - MIG,0.8,kg,0.8,kg,,,MIG,397.59,318.072
222,Bases Frappe,Base Té Chai Vainilla (Tipo Elefante) Kg - MIG,2.4,kg,2.4,kg,,,MIG,493.29,1183.896
361,Bases Frappe,DRAGON FRUIT,,,,,,,,0.0,
363,Bases Frappe,FRAPPÉ MAGNUM,,,,,,,,0.0,
364,Bases Frappe,FRAPPÉ MORDISCO,,,,,,,,0.0,
119,Bases Frappe,Polvo Zaachila Strawberry Cream,0.25,kg,0.25,kg,1.0,kg,Sam's Club,201.47,50.3675
365,Bebidas asiaticas preparadas,CHAMOYADA PELON,,,,,,,,,
360,Bebidas asiaticas preparadas,FRUTOS ROJOS,,,,,,,,0.0,
235,Bebidas asiaticas preparadas,Ice talk Blue Lemanade 230ml,0.0,unid.,0.0,unid.,2.0,unid.,DOKSURI,25.0,
234,Bebidas asiaticas preparadas,Ice Talk Durazno 230ml,0.0,unid.,-3.0,unid.,2.0,unid.,DOKSURI,25.0,
236,Bebidas asiaticas preparadas,Ice Talk Sandía 230ml,1.0,unid.,1.0,unid.,2.0,unid.,DOKSURI,25.0,25.0
358,Bebidas asiaticas preparadas,matcha coco,,,,,,,,,
350,Bebidas asiaticas preparadas,PERLAS CHAMOY,,,,,,,Colday,12.0,
367,Bebidas asiaticas preparadas,perlas de sandia,,,,,,,,0.0,
210,Carnes y Pollo,Pepperoni Campestre por kilo,0.0,kg,-0.31,kg,,,Aurrera,304.0,
255,Carnes y Pollo,Tenders GRVI,0.3,kg,0.3,kg,,,GRUVI,128.0,38.4
266,Concentrados y Jarabes,Calpis - 1L,1.0,L,1.0,L,,,Casa del Chef,144.0,144.0
154,Concentrados y Jarabes,Concentrado Baileys - L Sirope,0.0,L,-3.95,L,,,La Casa del Cheff,75.0,
156,Concentrados y Jarabes,Concentrado Banana - L Sirope,2.0,L,2.0,L,,,La Casa del Cheff,74.0,148.0
161,Concentrados y Jarabes,Concentrado Bubalo - L Sirope,0.0,L,-2.256,L,,,La Casa del Cheff,69.0,
157,Concentrados y Jarabes,Concentrado Cereza - L Sirope,2.0,L,2.0,L,,,La Casa del Cheff,69.0,138.0
162,Concentrados y Jarabes,Concentrado Chicle - L Sirope,1.0,L,1.0,L,,,La Casa del Cheff,69.0,69.0
159,Concentrados y Jarabes,Concentrado Frutos de la Pasión - L Sirope,2.0,L,2.0,L,,,La Casa del Cheff,69.0,138.0
160,Concentrados y Jarabes,Concentrado Kiwi - L Sirope,1.0,L,1.0,L,,,La Casa del Cheff,69.0,69.0
228,Concentrados y Jarabes,Concentrado Limón Dulce,2.0,L,2.0,L,,,MIG,110.49,220.98
155,Concentrados y Jarabes,Concentrado Manzana Verde - L Sirope,1.0,L,1.0,L,,,La Casa del Cheff,69.0,69.0
158,Concentrados y Jarabes,Concentrado Moza Azul - L Sirope,1.0,L,1.0,L,,,La Casa del Cheff,69.0,69.0
151,Concentrados y Jarabes,Concentrado Pulpa de Mango - L Sirope,0.0,L,-0.385,L,,,La Casa del Cheff,70.0,
152,Concentrados y Jarabes,Concentrado Pulpa de Maracuya - L Sirope,1.0,L,1.0,L,,,La Casa del Cheff,70.0,70.0
298,Concentrados y Jarabes,Vainilla,,,,,,,,50.0,
73,Congelados,Alitas Picosas FC 6X2 KG,0.0,kg,-27.4,kg,4.0,kg,GRUVI,145.0,
311,Congelados,Aros de Cebolla Kg,0.9,kg,0.9,kg,,,GRUVI,88.51,79.659
237,Congelados,Boneless - Kg,0.0,kg,-26.017,kg,,,Carnicos B&B,128.0,
47,Congelados,Dedos de Queso Kg,0.487,kg,0.487,kg,1.5,kg,GRUVI,204.54,99.61098
310,Congelados,Jalapeños Rellenos Kg,3.645,kg,3.645,kg,,,GRUVI,178.03,648.91935
238,Congelados,Munchers Kg,1.778,kg,1.778,kg,2.0,kg,GRUVI,80.0,142.24
309,Congelados,Papa Carita Kg,0.0,kg,0.0,kg,,,GRUVI,152.0,
116,Congelados,Papa Corte Delgado Kg,0.0,kg,-29.959,kg,4.0,kg,GRUVI,52.57,
239,Congelados,Papa Corte Espiral Sazonado Kg,0.0,kg,0.0,kg,0.0,kg,GRUVI,72.95,
304,Congelados,Papa Corte Gajo Sazonados Kg,0.0,kg,-1.71,kg,,,GRUVI,62.0,
74,Congelados,Papa Corte Ondulado Kg,0.0,kg,0.0,kg,4.0,kg,GRUVI,53.01,
242,Congelados,Papa Corte Regular Cascara Kg,0.0,kg,-26.288,kg,,,GRUVI,53.01,
336,Congelados,Pizza Hawaiana Individual - FUD 265g,,,,,,,Sigma Foodservice,,
38,Congelados,Pizza Red Baron 1.97 Kg - 4 Quesos,11.0,unid.,11.0,unid.,2.0,unid.,Sam's Club,24.92,274.12
37,Congelados,Pizza Red Baron 1.97 Kg - Pepperoni,0.0,unid.,-6.0,unid.,2.0,unid.,Sam's Club,24.92,
209,"Consomés, salsas ya derezos",Salsa Hunts cuatro quesos 360 g,0.0,kg,-5.446,kg,,,Aurrera,82.0,
344,Decoración,Azúcar glass,,,,,,,Aurrera,55.0,
246,Decoración,Chamoy,0.0,L,-8.853,L,0.2,L,Aurrera,38.0,
153,Decoración,Confetti comestible,0.0,kg,0.0,kg,,,La Casa del Cheff,140.0,
294,Decoración,Granillo cappuccino,0.695,kg,0.695,kg,0.05,kg,,,
293,Decoración,Granillo fresa,1.273,kg,1.273,kg,0.05,kg,,,
226,Decoración,Perlas Explosivas Cereza 1kg - MIG,1.0,kg,1.0,kg,,,MIG,162.69,162.69
193,Decoración,Perlas Explosivas Chicle Azul - Colday,2.5,kg,2.5,kg,,,Colday,139.2,348.0
196,Decoración,Perlas explosivas Dragon Fruit - Colday,2.5,kg,2.5,kg,,,Colday,147.2,368.0
195,Decoración,Perlas explosivas fresa - Colday,2.5,kg,2.5,kg,,,Colday,139.2,348.0
192,Decoración,Perlas explosivas kiwi - Colday,2.5,kg,2.5,kg,,,Colday,139.2,348.0
194,Decoración,Perlas explosivas Mango - Colday,2.5,kg,2.5,kg,,,Colday,139.2,348.0
197,Decoración,Perlas explosivas Manzana Verde - Colday,2.5,kg,2.5,kg,,,Colday,139.2,348.0
63,Desechables,16MJ32 ENVASE DART BOWL MEDIO,0.0,unid.,-72.0,unid.,,,TD Empaques,0.5,
115,Desechables,Bolsa,,,,,,,TD Empaques,0.2,
145,Desechables,C-0 CAMISETA NEGRO P.B. (30*34),1.0,kg,1.0,kg,,,TD Empaques,48.0,48.0
146,Desechables,C-2 CAMISETA NEGRO P.B. (25*52),1.0,kg,1.0,kg,,,TD Empaques,55.0,55.0
147,Desechables,C-3 CAMISETA NEGRO P.B. (30*60),1.0,kg,1.0,kg,,,TD Empaques,55.0,55.0
88,Desechables,Charola 7 Cuevas,0.0,unid.,-712.0,unid.,,,TD Empaques,1.92,
144,Desechables,CHAROLA 7 REYMA,50.0,unid.,50.0,unid.,,,TD Empaques,1.1,55.0
241,Desechables,CHAROLA P/ALIMENTOS MINI BCO [ECO403],,,,,,,GRUVI,3.88,
61,Desechables,Contenedor 7x7 Liso Reyma,0.0,unid.,-536.0,unid.,,,TD Empaques,2.1,
102,Desechables,Contenedor 8x8 Liso Bio Reyma,,,,,,,TD Empaques,2.5,
106,Desechables,CUCHARA PASTELERA,20.0,unid.,20.0,unid.,,,Tienda Abarrotes,1.0,20.0
68,Desechables,FAJILLA DE CARTON INIX (BODYCUP),100.0,unid.,100.0,unid.,,,TD Empaques,0.65,65.0
60,Desechables,Hamburguesera Chimex Bio,0.0,unid.,-1408.0,unid.,,,TD Empaques,0.72,
164,Desechables,POPOTE PARA TAPIOCA,,,,,,,TD Empaques,80.0,
69,Desechables,PORTAVASO,0.0,unid.,0.0,unid.,,,TD Empaques,3.5,
80,Desechables,ROLLO PARA MÁQUINA SELLADORA 90MM,,,,,,,,1.05,
101,Desechables,TAPA 00 CUEVAS,0.0,unid.,-627.0,unid.,,,TD Empaques,0.2,
103,Desechables,TAPA 0 INIX (TS1),,,,,,,TD Empaques,0.2,
143,Desechables,TAPA 0 PRIMO,100.0,unid.,100.0,unid.,,,TD Empaques,0.2,20.0
64,Desechables,TAPA 32 JL 10 PAQ/100 PZA DART,100.0,unid.,100.0,unid.,,,TD Empaques,1.08,108.0
229,Desechables,Tapa Domo 16oz - MIG,702.0,unid.,702.0,unid.,,,MIG,1.09,765.18
65,Desechables,TAPA DOMO 16 REYMA,0.0,unid.,-734.0,unid.,,,TD Empaques,0.76,
82,Desechables,TAPA DOMO DL92 INIX C/1000 PZA,,,,,,,TD Empaques,0.7,
84,Desechables,TAPA DOMO DL98 INIX,,,,,,,COMERCIAL DE VASOS,0.95,
98,Desechables,TAPA PL2 (TS2) INIX,,,,,,,TD Empaques,0.38,
141,Desechables,TAPA TRAVEL 16 MICHAN,50.0,unid.,50.0,unid.,,,TD Empaques,0.88,44.0
67,Desechables,TAPA TRAVELER 16 INIX (TPS16N),49.0,unid.,49.0,unid.,,,TD Empaques,1.1,53.9
150,Desechables,TENEDOR SOPERO CLASSY,0.0,unid.,-102.0,unid.,,,TD Empaques,0.52,
100,Desechables,VASO 00 CUEVAS,0.0,unid.,-627.0,unid.,,,TD Empaques,0.17,
104,Desechables,VASO 0 INIX (S100),,,,,,,TD Empaques,0.3,
142,Desechables,VASO 0 PRIMO,100.0,unid.,100.0,unid.,,,TD Empaques,0.19,19.0
79,Desechables,VASO 14 PET INIX LC14,,,,,,,TD Empaques,1.36,
78,Desechables,VASO 16 INIX (V16L),,,,,,,TD Empaques,1.2,
81,Desechables,VASO 16L REYMA,0.0,unid.,-1808.0,unid.,,,COMERCIAL DE VASOS,1.08,
140,Desechables,VASO ENCERADO 12 BLANCO INIX (VPP12),50.0,unid.,50.0,unid.,,,TD Empaques,1.8,90.0
66,Desechables,VASO ENCERADO 16 BLANCO LA UNIVERSAL,100.0,unid.,100.0,unid.,,,TD Empaques,1.7,170.0
83,Desechables,VASO LC16 PET INIX,,,,,,,COMERCIAL DE VASOS,1.9,
230,Desechables,Vaso Pet16oz - MIG,999.0,unid.,999.0,unid.,,,MIG,2.15,2147.85
99,Desechables,VASO TH200 (S200) INIX,,,,,,,TD Empaques,0.44,
281,Dulces y Chocolates,Banderilla mango - El Gato,0.0,unid.,-4.533,unid.,,,DULCERIA LA ESPECIAL,50.66,
316,Dulces y Chocolates,Cajeta,0.149,kg,0.149,kg,0.1,kg,Aurrera,157.58,23.47942
335,Dulces y Chocolates,Chocolate en polvo Kg,1.4,kg,1.4,kg,,,Aurrera,98.57,137.998
284,Dulces y Chocolates,Chocomenta mini - selfies,0.435,kg,0.435,kg,,,DULCERIA LA ESPECIAL,115.78,50.3643
163,Dulces y Chocolates,CUANDA LUCKY MANGUITO 1/8,,,,,,,DULCERIA LA ESPECIAL,65.49,
283,Dulces y Chocolates,Gomitas Lombriz - Cuanda 1kg,0.0,kg,-4.319,kg,,,DULCERIA LA ESPECIAL,93.0,
334,Dulces y Chocolates,Jarabe Caramelo,0.68,kg,0.68,kg,,,Aurrera,80.88,54.9984
313,Dulces y Chocolates,Jarabe Hershey's Chocolate kg,7.08,kg,7.08,kg,,,Sam's Club,87.0,615.96
216,Dulces y Chocolates,Jarabe Hershey's fresa kg,2.089,kg,2.089,kg,,,Aurrera,123.73,258.47197
288,Dulces y Chocolates,Kinder bueno - Ferrero 43g,3.0,unid.,3.0,unid.,5.0,unid.,DULCERIA LA ESPECIAL,18.22,54.66
286,Dulces y Chocolates,Mazapán Jumbo - La Rosa 50g,0.0,unid.,-32.0,unid.,,,DULCERIA LA ESPECIAL,4.63,
287,Dulces y Chocolates,Mazapan Polvo - La Rosa 1kg,0.0,kg,-6.354,kg,,,DULCERIA LA ESPECIAL,94.2,
215,Dulces y Chocolates,Mermelada McCormick zarzamora 670 g,0.5,unid.,0.5,unid.,,,Aurrera,59.0,29.5
368,Embutidos,chuleta ahumada,,,,,,,,25.0,
353,Embutidos,COMBINADA,,,,,,,Sigma Foodservice,0.0,
126,Embutidos,Mayonesa Cda,,,,,,,Aurrera,1.25,
247,Embutidos,Peperoni,0.0,kg,-2.941,kg,,,Aurrera,132.0,
351,Embutidos,QUESO,,,,,,,Sigma Foodservice,0.0,
202,Embutidos,Rebanada Jamón,0.0,unid.,-430.5,unid.,,,Aurrera,0.0,
352,Embutidos,SALCHICHA,,,,,,,Sigma Foodservice,0.0,
369,Embutidos,salchichas,,,,,,,,20.0,
133,Frutas y Verduras,Ajo,,,,,,,Aurrera,12.0,
113,Frutas y Verduras,Apio,,,,,,,Aurrera,82.35,
251,Frutas y Verduras,Champiñones,0.0,kg,0.0,kg,,,Sam's Club,,
249,Frutas y Verduras,Champiñones Monte Blanco (380 g),1.2,unid.,1.2,unid.,,,Sam's Club,57.55,69.06
319,Frutas y Verduras,Chile cuaresmeño por kilo,0.0,kg,-0.183,kg,,,Aurrera,50.0,
204,Frutas y Verduras,Chile de árbol Great Value 100 g,1.0,unid.,1.0,unid.,,,Aurrera,30.0,30.0
205,Frutas y Verduras,Chile guajillo por kilo,0.791,kg,0.791,kg,,,Aurrera,325.0,257.075
321,Frutas y Verduras,Chile habanero por kilo,0.098,kg,0.098,kg,,,Aurrera,108.48,10.63104
129,Frutas y Verduras,Chile Serrano por kilo,0.0,kg,-1.636,kg,,,Aurrera,97.0,
343,Frutas y Verduras,Fresa natural,,,,,,,Aurrera,140.0,
211,Frutas y Verduras,Jitomate saladet por kilo,0.454,kg,0.454,kg,0.3,kg,Aurrera,26.42,11.99468
121,Frutas y Verduras,Lechuga Italiana por pieza,0.0,unid.,-61.981,unid.,0.5,unid.,Aurrera,18.9,
322,Frutas y Verduras,Mangos en Cubos - Member's Mark,0.0,kg,-3.15,kg,,,Sam's Club,83.82,
136,Frutas y Verduras,Manojo Cilantro,,,,,,,Aurrera,14.0,
214,Frutas y Verduras,Pepino por kilo,0.0,kg,-61.018,kg,,,Aurrera,29.95,
323,Frutas y Verduras,Piña en Almíbar kg,3.7,kg,3.7,kg,,,Sam's Club,59.85,221.445
312,Frutas y Verduras,Plátano Kg,1.125,kg,1.125,kg,,,,36.64,41.22
128,Frutas y Verduras,Tomate verde en malla 1kg,0.0,kg,-1.722,kg,0.3,kg,Aurrera,36.55,
248,Frutas y Verduras,Verduras Great Value congelados 500 g,,,,,,,Aurrera,50.0,
112,Frutas y Verduras,Zanahoria por kilo,0.0,kg,-69.206,kg,0.3,kg,Aurrera,11.5,
91,Harinas,HARINA PARA CREPAS,0.0,kg,-41.205,kg,,,CUATRO HOJAS,67.5,
48,Harinas,Harina pastel Aurrera,0.0,kg,-1.113,kg,0.2,kg,Aurrera,81.4,
92,Harinas,Mezcla Crepas,0.0,unid.,,,,,,,
51,Harinas,Mezcla Masa Mini Donas Bote,0.0,unid.,,,,,,,
366,Harinas,miel maple,,,,,,,,0.0,
200,Harinas,Pan blanco Wonder con ajonjolí 567 g,0.0,unid.,-0.2,unid.,,,Aurrera,57.5,
201,Harinas,Rebanada Pan blanco Wonder con ajonjolí 567 g,0.0,unid.,,,,,Aurrera,,
45,Helados y Paletas,Bolsa de Hielo Fiesta 15 Kg,0.0,kg,-708.457,kg,5.0,kg,Sam's Club,7.5,
32,Helados y Paletas,Helado de Crema Member Mark Sabor Fresa 4.7 L,4.7,L,4.7,L,,,Sam's Club,40.27,189.269
296,Helados y Paletas,Mini Gansito - Marinela 24 gr,18.0,unid.,18.0,unid.,,,Sam's Club,6.15,110.7
295,Helados y Paletas,Mini Paletas Frutales - Ola Malú 28g,39.0,unid.,39.0,unid.,,,Sam's Club,,
305,Helados y Paletas,Nieve de Limón Member's Mark 4.7 L,2.882,L,2.882,L,,,Sam's Club,43.31,124.81942
29,Lácteos,Aderezo de Queso,0.0,kg,-90.534,kg,,,Sam's Club,84.41,
46,Lácteos,Clavel Polvo Caja 24 piezas 460gr,0.0,kg,-187.781,kg,1.0,kg,Delta Foods,174.82,
30,Lácteos,Crema de Avellana Member's Mark 1 kg,4.37,kg,4.37,kg,,,Sam's Club,121.74,532.0038
49,Lácteos,Huevo,0.0,unid.,-442.806,unid.,,,Aurrera,3.03,
207,Lácteos,Leche Condensada La Lechera Bolsa 670g,1.0,unid.,1.0,unid.,,,Aurrera,49.5,49.5
44,Lácteos,Leche Deslactosada - Santa Clara 1L,0.0,L,-135.56,L,4.0,L,Sam's Club,26.47,
218,Lácteos,Leche en polvo Carnation clavel Kg,0.0,kg,-13.017,kg,,,basura,134.78,
314,Lácteos,Leche Entera - Mermbers 1L,0.0,L,-83.994,L,,,Sam's Club,23.22,
43,Lácteos,Leche Entera - Santa Clara 1L,0.0,L,-259.423,L,6.0,L,Sam's Club,26.3,
87,Lácteos,Manga crema batida - On Top 453gr,0.0,kg,-100.253,kg,1.0,kg,Sigma Foodservice,138.0,
208,Lácteos,Margarina Iberia 4 en 1 kg,1.5,kg,1.5,kg,,,Aurrera,136.0,204.0
31,Lácteos,Queso Crema Philadelphia,0.0,kg,-12.665,kg,,,Sigma Foodservice,140.0,
198,Lácteos,Queso manchego Rebanada,13.0,unid.,13.0,unid.,5.0,unid.,Aurrera,3.5,45.5
108,Lácteos,Queso Mozzarella,0.0,kg,-30.495,kg,,,Sigma Foodservice,122.0,
317,Lácteos,Rebanada Queso Amarillo,13.0,unid.,13.0,unid.,4.0,unid.,Aurrera,2.94,38.22
97,Lácteos,Santa Clara Vainilla 200ml,,,,,,,Tienda Abarrotes,5.0,
257,Mermeladas,Manga cereza negra - Estrali 1Kg,0.892,kg,0.892,kg,,,Todo para el panadero,41.0,36.572
258,Mermeladas,Manga crema pastelera - Lastur 1kg,1.0,kg,1.0,kg,,,Todo para el panadero,28.0,28.0
259,Mermeladas,Manga mermelada fresa - 1kg,0.892,kg,0.892,kg,,,Todo para el panadero,36.0,32.112
260,Mermeladas,Manga mermelada frutos rojos - 1kg,1.0,kg,1.0,kg,,,Todo para el panadero,38.0,38.0
261,Mermeladas,Manga mermelada zarzamora - 1kg,1.0,kg,1.0,kg,,,Todo para el panadero,39.0,39.0
62,Papel de empaque,Papel alimenticio,0.0,kg,-3.288,kg,,,TD Empaques,50.0,
148,Papel de empaque,PAPEL DIA DE MUERTOS,0.5,kg,0.5,kg,,,TD Empaques,100.0,50.0
149,Papel de empaque,PELICULA 600 INIX (CLR-600),1.0,unid.,1.0,unid.,,,TD Empaques,120.0,120.0
89,Papel de empaque,Rollo Aluminio,0.0,unid.,-1293.0,unid.,,,TD Empaques,0.61,
110,Perlas y Tapioca,Miel mapple,0.0,L,-2.572,L,,,3B,192.0,
240,Perlas y Tapioca,Perlas Explosivas Chocolate - Tea Zone 3.2Kg,,,,,,,Tea Zone,175.0,
77,Perlas y Tapioca,Tapioca,,,,,,,,91.48,
302,Refrescos,Arizona Kiwi Fresa,0.0,unid.,0.0,unid.,2.0,unid.,Sam's Club,15.25,
301,Refrescos,ARIZONA Mango (591ml),0.0,unid.,-4.0,unid.,2.0,unid.,Sam's Club,15.25,
303,Refrescos,Arizona Sandía 591ml,0.0,unid.,-4.0,unid.,2.0,unid.,Sam's Club,16.0,
306,Refrescos,Refresco Coca-Cola 32 pzas de 355 ml,18.0,unid.,18.0,unid.,,,Sam's Club,17.91,322.38
105,Refrescos,Sangria 400ml,,,,,,,Central Tultitlán,7.0,
348,Salsas alitas,Aderezo Mostaza Miel - Custom Culinary,,,,,,,Custom Culinary,92.5,
95,Salsas alitas,BBQ a la Diabla Salsa - L Sirope,0.0,L,-2.906,L,,,TD Empaques,58.0,
35,Salsas alitas,BBQ Habanero Salsa - L Mr Wings,0.0,L,-1.59,L,,,Mr Wings,71.05,
338,Salsas alitas,BBQ L - Custom Culinary,3.785,L,3.785,L,,,Custom Culinary,55.06,208.4021
324,Salsas alitas,BBQ Salsa L - Hunts,0.0,L,-37.25,L,,,Sam's Club,67.8,
6,Salsas alitas,BBQ Salsa - L Mr Wings,0.0,L,0.0,L,,,Mr Wings,48.79,
340,Salsas alitas,BBQ Smoky - L Custom Culinary,,,,,,,MERCADO LIBRE,,
244,Salsas alitas,Bufalo para alitas Salsa (mr wings champ) - L Mr Wings,0.684,L,0.684,L,,,Mr Wings,56.84,38.87856
59,Salsas alitas,Bufalo Salsa - L Sirope,0.0,L,-3.06,L,,,TD Empaques,58.0,
326,Salsas alitas,Buffalo - L Custom Culinary,1.5,L,1.5,L,,,,,
23,Salsas alitas,Cajún estilo Louisiana Salsa - L Mr Wings,0.23,L,0.23,L,,,Mr Wings,70.79,16.2817
96,Salsas alitas,Extra hot salsa - L Mr Wings,2.83,L,2.83,L,,,Mr Wings,73.42,207.7786
57,Salsas alitas,Flamin Hot Salsa - L Sirope,0.0,L,-1.3,L,1.0,L,TD Empaques,58.0,
56,Salsas alitas,Fresa Hot Salsa - L Sirope,0.0,L,-4.3,L,1.0,L,TD Empaques,58.0,
58,Salsas alitas,Jalapeño Hot (Hot Jalapeño) - L Sirope,0.0,L,-0.72,L,1.0,L,TD Empaques,58.0,
55,Salsas alitas,Lemon Pepper Salsa - L Custom Culinary,0.0,L,-10.693,L,1.0,L,Custom Culinary,107.87,
253,Salsas alitas,Louisiana Salsa - L -Hot Bull,3.7,L,3.7,L,,,Maprica,78.76,291.412
76,Salsas alitas,Mango Guajillo Salsa - L Sirope,2.1,L,2.1,L,1.0,L,TD Empaques,58.0,121.8
252,Salsas alitas,Mango Habanero Salsa - L Custom Culinary,8.37,L,8.37,L,,,Maprica,83.15,695.9655
13,Salsas alitas,Mango Habanero Salsa - L Mr Wings,0.0,L,-5.88,L,,,Mr Wings,57.11,
9,Salsas alitas,Mango Hot Salsa - L Mr Wings,0.0,L,-0.06,L,,,Mr Wings,60.53,
11,Salsas alitas,Oriental Teriyaki Salsa - L Mr Wings,0.65,L,0.65,L,,,Mr Wings,68.42,44.473
21,Salsas alitas,Original Hot Salsa - L Mr Wings,0.0,L,-0.12,L,,,Mr Wings,52.63,
94,Salsas alitas,Pelon Pero Rico Salsa - L Sirope,2.4,L,2.4,L,1.0,L,TD Empaques,58.0,139.2
362,Salsas alitas,PIÑA GUAJILLO,,,,,,,,0.0,
15,Salsas alitas,Ranch Aderezo - L,0.0,L,-15.638,L,2.0,L,Mr Wings,65.85,
332,Salsas alitas,Salsa Chetos - L Sirope,1.0,L,1.0,L,,,,58.0,58.0
28,Salsas alitas,Salsa para Alitas RedHot Buffalo L,0.0,L,-16.83,L,,,Sam's Club,58.73,
331,Salsas alitas,Salsa Ranchertios - L Sirope,1.0,L,1.0,L,,,,58.0,58.0
330,Salsas alitas,Tamarindo  3 chiles - L Sirope,1.0,L,1.0,L,,,,58.0,58.0
19,Salsas alitas,Tamarindo Natural Salsa - L Mr Wings,0.0,L,-1.77,L,,,Mr Wings,71.05,
333,Salsas alitas,Zarzamora Chipotle - L Sirope,1.0,L,1.0,L,,,,58.0,58.0
118,Sazonadores,"Catsup Generica / Mr Wings, Members",0.0,kg,-92.553,kg,,,Sam's Club,26.65,
357,Sazonadores,FLAMING,,,,,,,SABRITAS,0.0,
167,Sazonadores,Queso parmesano,6.085,kg,6.085,kg,,,Aurrera,728.0,4429.88
356,Sazonadores,RAMEN Z,,,,,,,SABRITAS,0.0,
17,Sazonadores,Sazonador adobo Cajún En Polvo - Bolsa 1 Kg,0.0,kg,-0.025,kg,,,Mr Wings,260.0,
191,Sazonadores,Sazonador Cheese,,,,,,,,,
169,Sazonadores,Sazonador Fuego,0.1,kg,0.1,kg,,,,420.0,42.0
16,Sazonadores,Sazonador Lemon Pepper - Bolsa 1 Kg,0.0,kg,-2.02,kg,1.0,kg,Mr Wings,200.64,
111,Semillas y Fruta Seca,Duraznos en almibar,0.0,kg,-1.218,kg,,,3B,55.88,
54,Semillas y Fruta Seca,Granillo chocolate,0.0,kg,-0.115,kg,0.05,kg,La Casa del Cheff,128.0,
70,Semillas y Fruta Seca,Nuez Kg,0.955,kg,0.955,kg,0.05,kg,TD Empaques,236.0,225.38
275,Snacks y Postres,Chocolate Baileys - Turin Pza,0.0,unid.,-123.0,unid.,,,DULCERIA LA ESPECIAL,6.01,
282,Snacks y Postres,Conejito - Turín,0.0,unid.,-13.0,unid.,,,Sigma Foodservice,7.56,
273,Snacks y Postres,Kinder delice pastelito - Ferrero 39g,0.0,unid.,-20.0,unid.,5.0,unid.,DULCERIA LA ESPECIAL,10.49,
274,Snacks y Postres,Kit Kat - Nestlé 41.5g,0.0,unid.,-5.0,unid.,,,DULCERIA LA ESPECIAL,14.15,
277,Snacks y Postres,M&M mini,39.0,unid.,39.0,unid.,,,DULCERIA LA ESPECIAL,2.3,89.7
291,Snacks y Postres,Oreo mini - bolsa 226g,0.0,kg,-1.696,kg,,,NORIS,151.74,
276,Snacks y Postres,Wafer sticks avellana - Marian 100 pza,206.27,unid.,206.27,unid.,,,DULCERIA LA ESPECIAL,88.3,18213.641
290,Snacks y Postres,Wafer sticks fresa - Marian 65 pza,80.0,unid.,80.0,unid.,,,NORIS,63.6,5088.0
231,Tisanas,Tisana Amore Mio Kg - Mig,0.0,kg,0.0,kg,,,MIG,762.12,
232,Tisanas,Tisana Mora Azul Kg - Mig,0.963,kg,0.963,kg,,,MIG,695.13,669.41019
265,Toppings,Almendra fileteada,1.625,kg,1.625,kg,,,Casa del Chef,300.0,487.5
297,Toppings,Canela en polvo,0.5,kg,0.5,kg,,,,,
264,Toppings,Chispas Chocolate - Herseys 1kg,0.0,kg,-1.005,kg,,,Casa del Chef,330.0,
271,Toppings,Chocolate Ferrero - 1 pza,0.0,unid.,-149.0,unid.,8.0,unid.,Sam's Club,10.02,
280,Toppings,Gomitas mango - SanSabor 1 kg,0.0,kg,-0.066,kg,,,DULCERIA LA ESPECIAL,93.0,
289,Toppings,Gomitas ositos - Cuanda 1kg,0.0,kg,-1.643,kg,,,DULCERIA LA ESPECIAL,93.0,
279,Toppings,Gomitas sandia - SanSabor 1 kg,0.0,kg,-0.96,kg,,,DULCERIA LA ESPECIAL,93.0,
292,Toppings,Granillo Halloween,0.107,kg,0.107,kg,0.05,kg,Casa del Chef,,
270,Toppings,Nutella 1kg,0.0,kg,-2.153,kg,,,DULCERIA LA ESPECIAL,195.0,
134,Tortillería y Panadería,Bolillo,,,,,,,Aurrera,2.0,
131,Tortillería y Panadería,Totopos,,,,,,,Aurrera,35.0,
