Id.,Categoría,Código,Nombre,Disponibilidad,Unidad,Stock,Unidad.1,Stock Mínimo,Unidad.2,Proveedor,Costo unitario,Costo total
390,Adicionales,,ADEREZO DE QUESO CH,,,,,,,Sam's Club,,
729,Adicionales,,BLUE CHEESE ADEREZO G,14.0,unid.,,,,,,,
730,Adicionales,,BLUE CHEESE ADEREZO M,28.0,unid.,,,,,,,
275,Adicionales,,CAJUN SAZONADOR G,0.0,unid.,,,,,,,
269,Adicionales,DED8,DEDOS DE QUESO 8 PZA,0.0,unid.,,,,,,,
347,Adicionales,,GRANILLO CHOCOLATE - Decoración crepa,0.0,unid.,,,,,,,
660,Adicionales,,HUEVO PROTEINA,0.0,unid.,,,,,,,
314,Adicionales,,LECHE DESLACTOSADA,0.0,unid.,,,,,,,
313,Adicionales,,LECHE ENTERA,0.0,unid.,,,,,,,
687,Adicionales,,LUNETAS - Toppings Crepa,,,,,,,,,
686,Adicionales,,MANGO EN ALMIBAR - Fruta crepa,0.0,unid.,,,,,,,
464,Adicionales,,MARACUYA - Jellys,,,,,,,COMERCIAL DE VASOS,,
841,Adicionales,,MOSTAZA MIEL ADEREZO G,,,,,,,,,
842,Adicionales,,MOSTAZA MIEL ADEREZO M,0.0,unid.,,,,,,,
661,Adicionales,,POLLO PROTEINA,,,,,,,,,
276,Adicionales,,QUESO CHEDAR SAZONADOR G,,,,,,,,,
266,Adicionales,,RANCH CREMOSO ADEREZO G,0.0,unid.,,,,,,,
812,Adicionales,,RANCH HABANERO ADEREZO G,9.0,unid.,,,,,,,
811,Adicionales,,RANCH HABANERO ADEREZO M,18.0,unid.,,,,,,,
662,Adicionales,,SIN PROTEINA,,,,,,,,,
368,Adicionales,,TAPIOCA,0.0,unid.,,,,,,,
697,Adicionales,,TENDERS PROTEINA,,,,,,,,,
854,Adicionales,,tupsi pop,,,,,,,,,
774,Aguas Frescas,,AGUA DE MANGO - LITRO,,,,,,,,,
665,Bebidas Coreanas,,ARIZONA KIWI FRESA,0.0,unid.,,,,,Sam's Club,14.41,
586,Bebidas Coreanas,,ARIZONA MANGO,0.0,unid.,,,,,Sam's Club,14.41,
666,Bebidas Coreanas,,ARIZONA SANDIA,0.0,unid.,,,,,Sam's Club,14.41,
801,Bebidas Coreanas,,CAFÉ CAPPUCCINO  - OKF 240 ml,0.0,unid.,-2.0,unid.,,,Asiaon Mart,21.85,
803,Bebidas Coreanas,,CAFÉ LATTE - OKF 240 ml,1.0,unid.,1.0,unid.,,,Asiaon Mart,21.85,21.85
802,Bebidas Coreanas,,CAFÉ MACCHIATO CARAMEL - OKF 240 ml,2.0,unid.,2.0,unid.,,,Asiaon Mart,21.85,43.7
804,Bebidas Coreanas,,CAFÉ MOCHA (MOKA) - OKF 240 ml,0.0,unid.,0.0,unid.,,,Asiaon Mart,21.85,
700,Bebidas Coreanas,,CANTABILE CAFÉ VAINILLA AMERICANO - 230ml,4.0,unid.,4.0,unid.,3.0,unid.,MEGAZONE,33.0,132.0
797,Bebidas Coreanas,,CANTABILE FRESA - 230ml,5.0,unid.,5.0,unid.,,,,31.15,155.75
795,Bebidas Coreanas,,CANTABILE GRANADA - 230ml,0.0,unid.,0.0,unid.,,,,31.15,
808,Bebidas Coreanas,,CANTABILE MANGO (Doble Mango) - 230ml,5.0,unid.,5.0,unid.,,,MEGAZONE,33.0,165.0
694,Bebidas Coreanas,,CANTABILE MANZANA - 230ml,0.0,unid.,0.0,unid.,3.0,unid.,MEGAZONE,32.48,
796,Bebidas Coreanas,,CANTABILE MORA AZUL - 230ml,2.0,unid.,2.0,unid.,,,,31.15,62.3
693,Bebidas Coreanas,,CANTABILE NARANJA - 230ml,0.0,unid.,0.0,unid.,3.0,unid.,MEGAZONE,32.48,
794,Bebidas Coreanas,,CANTABILE SANDÍA - 230ml,7.0,unid.,7.0,unid.,,,,31.15,218.05
798,Bebidas Coreanas,,CANTABILE TÉ HELADO DURAZNO - 230ml,4.0,unid.,4.0,unid.,,,,31.15,124.6
699,Bebidas Coreanas,,CANTABILE UVA VERDE - 230ml,0.0,unid.,0.0,unid.,3.0,unid.,MEGAZONE,33.0,
423,Bebidas Coreanas,,CHUPA CHUPS BEBIDA FRESA,0.0,unid.,0.0,unid.,5.0,unid.,,28.25,
790,Bebidas Coreanas,,CHUPA CHUPS BEBIDA MANGO,0.0,unid.,0.0,unid.,10.0,unid.,,28.25,
424,Bebidas Coreanas,,CHUPA CHUPS BEBIDA NARANJA,0.0,unid.,0.0,unid.,0.0,unid.,,32.2,
789,Bebidas Coreanas,,CHUPA CHUPS BEBIDA RASPBERRY (FRAMBUESA),0.0,unid.,0.0,unid.,,,,28.25,
465,Bebidas Coreanas,,MILKIS DURAZNO 250 ml,0.0,unid.,0.0,unid.,5.0,unid.,,21.0,
373,Bebidas Coreanas,,MILKIS FRESA 250 ml,0.0,unid.,0.0,unid.,5.0,unid.,,23.0,
710,Bebidas Coreanas,,MILKIS MANZANA 250 ml,0.0,unid.,0.0,unid.,5.0,unid.,,23.0,
371,Bebidas Coreanas,,MILKIS MELÓN 250 ml,14.0,unid.,14.0,unid.,5.0,unid.,,21.0,294.0
372,Bebidas Coreanas,,MILKIS ORIGINAL 250 ml,0.0,unid.,0.0,unid.,5.0,unid.,,21.0,
435,Bebidas Coreanas,,RAMUNE FRESA,5.0,unid.,5.0,unid.,5.0,unid.,Asiaon Mart,53.36,266.8
707,Bebidas Coreanas,,RAMUNE LIMON,0.0,unid.,0.0,unid.,5.0,unid.,,,
437,Bebidas Coreanas,,RAMUNE LYCHEE,14.0,unid.,14.0,unid.,5.0,unid.,,46.92,656.88
477,Bebidas Coreanas,,RAMUNE MELON,5.0,unid.,5.0,unid.,5.0,unid.,Asiaon Mart,53.36,266.8
478,Bebidas Coreanas,,RAMUNE NARANJA,4.0,unid.,4.0,unid.,5.0,unid.,Asiaon Mart,53.36,213.44
473,Bebidas Coreanas,,RAMUNE ORIGINAL,12.0,unid.,12.0,unid.,5.0,unid.,Asiaon Mart,53.36,640.32
436,Bebidas Coreanas,,RAMUNE UVA,0.0,unid.,-1.0,unid.,5.0,unid.,Asiaon Mart,53.36,
711,Bebidas Coreanas,,SOJU AMERICANO,0.0,unid.,-1.0,unid.,,,,69.05,
793,Bebidas Coreanas,,SOJU BLUE BERRY (MORA AZUL),0.0,unid.,-1.0,unid.,5.0,unid.,,68.17,
805,Bebidas Coreanas,,SOJU CITRON,0.0,unid.,-1.0,unid.,,,Asiaon Mart,68.17,
469,Bebidas Coreanas,,SOJU FRESA,0.0,unid.,-3.0,unid.,5.0,unid.,,68.17,
704,Bebidas Coreanas,,SOJU MANDARINA,0.0,unid.,0.0,unid.,5.0,unid.,,,
663,Bebidas Coreanas,,SOJU MANGO,0.0,unid.,0.0,unid.,,,,68.17,
467,Bebidas Coreanas,,SOJU MANZANA VERDE,0.0,unid.,-1.0,unid.,5.0,unid.,,68.17,
471,Bebidas Coreanas,,SOJU ORIGINAL,0.0,unid.,0.0,unid.,5.0,unid.,,68.17,
470,Bebidas Coreanas,,SOJU SAERO,0.0,unid.,0.0,unid.,5.0,unid.,,68.17,
792,Bebidas Coreanas,,SOJU UVA,0.0,unid.,0.0,unid.,5.0,unid.,,68.17,
472,Bebidas Coreanas,,SOJU YOGURT,0.0,unid.,-1.0,unid.,5.0,unid.,,68.17,
411,Bebidas Gatunas Calientes,,CHAI LATTE VAINILLA,,,,,,,,,
402,Bebidas Gatunas Calientes,,CHAI MIEL,,,,,,,,,
320,Bebidas Gatunas Calientes,TEA,TEA'S,,,,,,,,,
645,Bobah Tea's,,ALGODÓN DE AZÚCAR BOBA TEA'S,,,,,,,,,
302,Bobah Tea's,BOBAH,BOBAH TEA,0.0,unid.,,,,,,,
103,Bobah Tea's,,CHOCOLATE BOBA TEA´S,,,,,,,,70.0,
389,Bobah Tea's,,FRUTOS ROJOS BOBAH TEA'S,,,,,,,,,
109,Bobah Tea's,,FRUTOS ROJOS BOBA TEA´S,,,,,,,,,
104,Bobah Tea's,,HORCHATA BOBA TEA´S,,,,,,,,,
377,Bobah Tea's,,LECHE DESLACTOSADA BOBAH TEA,0.0,unid.,,,,,,,
376,Bobah Tea's,,LECHE ENTERA BOBAH TEA,0.0,unid.,,,,,,,
105,Bobah Tea's,,MATCHA BOBA TEA´S,,,,,,,,,
106,Bobah Tea's,,PINK LEMONADE BOBA TEA´S,,,,,,,,,
108,Bobah Tea's,,TARO PURPPLE BOBA TEA´S,,,,,,,,,
110,Bobah Tea's,,VAINILLA BOBA TEA´S,,,,,,,,,
203,Boneless Y Alitas,AL_CH,ALITAS CH - 250g,0.0,unid.,,,,,,,
328,Boneless Y Alitas,AL_G,ALITAS G - 500g,0.0,unid.,,,,,,,
406,Boneless Y Alitas,AL_J,ALITAS J - 1 Kg,0.0,unid.,,,,,,,
326,Boneless Y Alitas,AL_M,ALITAS M - 370g,0.0,unid.,,,,,,,
286,Boneless Y Alitas,BO_CH,BONELESS CH - 250g,0.0,unid.,,,,,,,
318,Boneless Y Alitas,BO_G,BONELESS G - 500g,0.0,unid.,,,,,,,
405,Boneless Y Alitas,BO_J,BONELESS J - 1 Kg,0.0,unid.,,,,,,,
404,Boneless Y Alitas,BO_M,BONELESS M - 370g,0.0,unid.,,,,,,,
876,Cafés fríos,,ICE COFE,,,,,,,agua,,
139,Café's Y Chocolates,,CAFÉ AMERICANO,,,,,,,,,
140,Café's Y Chocolates,,CAPUCCINO,,,,,,,,,
141,Café's Y Chocolates,,CARAMEL LATTE MACCHIATO,,,,,,,,,
142,Café's Y Chocolates,,CHOCOCINO,,,,,,,,,
143,Café's Y Chocolates,,CHOCOLATE CALIENTE 16 OZ,,,,,,,,,
145,Café's Y Chocolates,,CHOCOLATE OAXACA 16 OZ,,,,,,,,,
147,Café's Y Chocolates,,LATTE 12 OZ,,,,,,,,,
148,Café's Y Chocolates,,LATTE MACCHIATO,,,,,,,,,
149,Café's Y Chocolates,,MOKA (MOCHA),0.0,unid.,-3.0,unid.,,,,110.55,
858,Chamoyadas,,CHAMOYADA PELON,,,,,,,,,
864,Combos,,COMBO CURRY Y CAFE OKF,,,,,,,,,
866,Combos,,DUO CHILATE,,,,,,,,,
865,Combos,,DUO FRAPPÉ,,,,,,,,,
871,Crepas,,Creppa Baileys,,,,,,,,,
349,Crepas Especiales,CRE_CT,CONEJITO TURIN CREPA,0.0,unid.,,,,,,,
176,Crepas Especiales,,CREPA CHAMPIÑONES,,,,,,,,75.68,
174,Crepas Especiales,,CREPA HAWAIANA,,,,,,,,,
685,Crepas Especiales,,CREPIZZA HAWAIANA,,,,,,,,,
175,Crepas Especiales,,CREPIZZA PEPPERONI,0.0,unid.,,,,,,,
160,Crepas Especiales,CRE_F,FERRERO CREPA,0.0,unid.,,,,,,,
813,Crepas Especiales,CRE_GAN,GANSITO CREPA,0.0,unid.,,,,,,,
766,Crepas Especiales,CREP_KBUE,KINDER BUENO - CREPA,0.0,unid.,,,,,,,
752,Crepas Especiales,CREP_KDEL,KINDER DELICE - CREPA,0.0,unid.,,,,,,,
161,Crepas Especiales,CRE_K,KIT KAT CREPA,0.0,unid.,,,,,,,
757,Crepas Gatunas,CREP_CAJ,CAJETA - CREPA,0.0,unid.,,,,,,,
150,Crepas Gatunas,,CAJETA - Toppings crepa,4.0,unid.,,,,,,,
540,Crepas Gatunas,,CANELA - Decoración Crepa,,,,,,,,,
482,Crepas Gatunas,,CHISPAS DE CHOCOLATE - Decoración crepa,0.0,unid.,,,,,,,
152,Crepas Gatunas,,CHOCOLATE LIQ HERSEY - Toppings crepa,,,,,,,,,
765,Crepas Gatunas,,CHOCOMENTAS - Decoración crepa,39.0,unid.,,,,,,,
754,Crepas Gatunas,,CREMA BATIDA - Toppings crepa,,,,,,,,,
761,Crepas Gatunas,CREP_PAST,CREMA PASTELERA - CREPPA,,,,,,,,,
153,Crepas Gatunas,,CREMA PASTELERA - Toppings crepa,,,,,,,,,
748,Crepas Gatunas,CRE_NUT,CREPA- DULCE,0.0,unid.,,,,,,,
489,Crepas Gatunas,,DURAZNOS EN ALMIBAR - Fruta crepa,,,,,,,,,
172,Crepas Gatunas,,FRESA - Fruta crepa,,,,,,,,,
749,Crepas Gatunas,,FRUTOS ROJOS - Fruta crepa,,,,,,,,,
756,Crepas Gatunas,,GALLETA OREO - Toppings crepa,0.0,unid.,,,,,,,
758,Crepas Gatunas,CREP_NUT,LECHERA - CREPA,0.0,unid.,,,,,,,
155,Crepas Gatunas,,LECHERA - Toppings crepa,,,,,,,,,
759,Crepas Gatunas,CREP_MAP,MAPPLE - CREPA,0.0,unid.,,,,,,,
151,Crepas Gatunas,,MERMELADA CEREZA NEGRA - Toppings crepa,24.0,unid.,,,,,,,
158,Crepas Gatunas,,MERMELADA DE ZARZAMORA - Toppings crepa,,,,,,,,,
772,Crepas Gatunas,,MERMELADA FRESA - CREPA,,,,,,,,,
156,Crepas Gatunas,,NUTELLA - Toppings crepa,,,,,,,,,
760,Crepas Gatunas,CREP_PHI,PHILADELPHIA - CREPA,0.0,unid.,,,,,,0.0,
384,Crepas Gatunas,,PHILADELPHIA - Toppings crepa,0.0,unid.,-77.0,unid.,,,,0.0,
173,Crepas Gatunas,,PLATANO - Fruta crepa,,,,,,,,,
767,Decoraciones,,GRANILLO HALLOWEEN,21.0,unid.,,,,,,,
800,Desayunos,CHILAQ_R_CH,CHILAQ ROJO CHICO,0.0,unid.,,,,,,,
799,Desayunos,CHILAQ_R_G,CHILAQ ROJOS GRANDES,0.0,unid.,,,,,,,
529,Desayunos,CHILAQ_V_CH,CHILAQ VERDE CHICOS,0.0,unid.,,,,,,,
530,Desayunos,CHILAQ_V_G,CHILAQ VERDES GRANDES,0.0,unid.,,,,,,,
537,Desayunos,,CUERNITO DULCE,,,,,,,,,
536,Desayunos,,CUERNITO SALADO,0.0,unid.,,,,,,,
533,Desayunos,,GRATINADOS,,,,,,,,,
538,Desayunos,,HOTCAKES 2PZ,0.0,unid.,,,,,,,
532,Desayunos,,HUEVO EXTRA,0.0,unid.,,,,,,,
531,Desayunos,,POLLO EXTRA,,,,,,,,,
630,Desayunos,,SANDWICH 3 QUESOS,0.0,unid.,,,,,,,
631,Desayunos,,SANDWICH JAMÓN,0.0,unid.,,,,,,,
632,Desayunos,,SINCRONIZADAS 3PZ,,,,,,,,,
742,EXTRAS,,AJONJOLÍ,,,,,,,,,
743,EXTRAS,,CHILE QUEBRADO (CHILE SECO),,,,,,,,,
741,EXTRAS,,HUEVO DURO,,,,,,,,,
740,EXTRAS,,HUEVO ESTRELLADO,,,,,,,,,
10,Frappé's Gatunos,,ALGODÓN DE AZUCAR FRAPPÉ,,,,,,,,,
11,Frappé's Gatunos,,BAILEYS FRAPPÉ,0.0,unid.,,,,,,,
12,Frappé's Gatunos,,CAJETA FRAPPÉ,2.0,unid.,,,,,,,
414,Frappé's Gatunos,,CALABAZA FRAPPÉ,,,,,,,,,
284,Frappé's Gatunos,,CAPPUCCINO FRAPPÉ,,,,,,,,,
14,Frappé's Gatunos,,CEREZA FRAPPÉ,,,,,,,,,
16,Frappé's Gatunos,,CHAI MANZANA CANELA FRAPPÉ,,,,,,,,,
401,Frappé's Gatunos,,CHAI VAINILLA FRAPPÈ,,,,,,,,,
20,Frappé's Gatunos,,CHEESECAKE FRAPPÉ,,,,,,,,,
19,Frappé's Gatunos,,CHOCO AVELLANA FRAPPÉ,,,,,,,,,
18,Frappé's Gatunos,,CHOCOLATE BLANCO FRAPPÉ,,,,,,,,,
17,Frappé's Gatunos,,CHOCOLATE FRAPPÉ,,,,,,,,,
829,Frappé's Gatunos,,CHOCORETAS FRAPPÉ,,,,,,,,,
77,Frappé's Gatunos,,CONEJITO TURÍN FRAPPÉ,0.0,unid.,,,,,,,
78,Frappé's Gatunos,,COOKIES & CREAM (OREO) FRAPPÉ,0.0,unid.,,,,,,,
305,Frappé's Gatunos,,CREMA BATIDA,0.0,unid.,,,,,,,
79,Frappé's Gatunos,,FERRERO FRAPPÉ,0.0,unid.,,,,,,15.0,
13,Frappé's Gatunos,,FRAPPÉ 14 OZ (CH),0.0,unid.,,,,,,0.0,
285,Frappé's Gatunos,,FRAPPÉ 16 OZ (G),0.0,unid.,,,,,,,
283,Frappé's Gatunos,FRAPPE,FRAPPÉ GATUNO,0.0,unid.,,,,,,,
412,Frappé's Gatunos,,FRUTOS ROJOS FRAPPE,,,,,,,,,
708,Frappé's Gatunos,,GANSITO FRAPPE,18.0,unid.,,,,,,,
22,Frappé's Gatunos,,HORCHATA FRAPPÉ,,,,,,,,,
407,Frappé's Gatunos,,JAVA CHIPS FRAPPÉ,,,,,,,,,
303,Frappé's Gatunos,,KITKAT FRAPPÉ,,,,,,,,,
845,Frappé's Gatunos,,MAGNUM FRAPPE,,,,,,,,15.0,
23,Frappé's Gatunos,,MARSHMALLOW CHOCOLATE FRAPPÉ,,,,,,,,,
24,Frappé's Gatunos,,MATCHA FRAPPÉ,,,,,,,,,
75,Frappé's Gatunos,,MAZAPÁN FRAPPÉ,0.0,unid.,,,,,,,
25,Frappé's Gatunos,,MOKACCINO FRAPPÉ,,,,,,,,,
638,Frappé's Gatunos,,PAN DE MUERTO FRAPPÉ,,,,,,,,,
76,Frappé's Gatunos,,PAY DE LIMÓN FRAPPÉ,,,,,,,,,
26,Frappé's Gatunos,,PISTACHE FRAPPÉ,,,,,,,,,
27,Frappé's Gatunos,,RED VELVET CHOCOLATE FRAPPÉ,,,,,,,,,
28,Frappé's Gatunos,,STRAWBERRY CREAM (FRESA) FRAPPÉ,5.0,unid.,,,,,,,
29,Frappé's Gatunos,,TARO FRAPPÉ,,,,,,,,,
375,Frappé's Gatunos,,TARO PURPLE FRAPPÉ,,,,,,,,,
30,Frappé's Gatunos,,VAINILLA FRAPPÉ,,,,,,,,,
31,Frappé's Gatunos,,ZARZA CREMOSA FRAPPÉ,,,,,,,,,
839,Granizados,,DRAGON FRUIT - GRANIZADOS,,,,,,,,,
771,Granizados,,Magnum,,,,,,,,,
713,Granizados & Chamoyadas,CHAM_14,CHAMOYADA 14 OZ,0.0,unid.,,,,,,17.0,
679,Granizados & Chamoyadas,,CHAMOYADA 16 OZ,0.0,unid.,,,,,,,
125,Granizados & Chamoyadas,GRAN,FRAPPÉ DE AGUA GRANIZADO,0.0,unid.,,,,,,,
278,Granizados & Chamoyadas,,FRESA SANDÍA - CHAMOYADA,0.0,unid.,,,,,,,
122,Granizados & Chamoyadas,,FRUTOS ROJOS - FRAPPÉ DE AGUA,,,,,,,,,
121,Granizados & Chamoyadas,,ICE CEREZA - FRAPPÉ DE AGUA,,,,,,,,,
130,Granizados & Chamoyadas,,ICE MORA AZUL - FAPPÉ  DE AGUA,,,,,,,,,
124,Granizados & Chamoyadas,,KIWI - FRAPPÉ DE AGUA,,,,,,,,,
282,Granizados & Chamoyadas,,LIMÓN - CHAMOYADA,0.0,unid.,,,,,,,
277,Granizados & Chamoyadas,,MANGO - CHAMOYADA,0.0,unid.,,,,,,,
127,Granizados & Chamoyadas,,MANGO - FRAPPÉ DE AGUA,,,,,,,,,
128,Granizados & Chamoyadas,,MARACUYÁ - FRAPPÉ DE AGUA,,,,,,,,,
129,Granizados & Chamoyadas,,MOJITO - FRAPPÉ DE AGUA,,,,,,,,,
724,Granizados & Chamoyadas,,SANDÍA - CHAMOYADA,0.0,unid.,,,,,,,
463,Granizados & Chamoyadas,,SMOOTHIE FRUTOS ROJOS,,,,,,,,,
768,Juegos,,Juego Gonggi,17.0,unid.,17.0,unid.,,,MEGAZONE,30.0,510.0
644,Licuados & Malteadas,,CHILATE,,,,,,,,,
115,Licuados & Malteadas,,CHOCOLATE LICUADOS,,,,,,,,,
112,Licuados & Malteadas,,CHOCOLATE MALTEADAS,,,,,,,,,
113,Licuados & Malteadas,,COOKIES & CREAM MALTEADAS,,,,,,,,,
120,Licuados & Malteadas,,FRESA CREMOSA LICUADOS,,,,,,,,,
111,Licuados & Malteadas,,FRESA MALTEADAS,,,,,,,,,
117,Licuados & Malteadas,,FRUTOS ROJOS LICUADOS,,,,,,,,,
409,Licuados & Malteadas,SMO_FR,SMOOTHIE FRESA,,,,,,,,,
653,Licuados & Malteadas,SMO_MA,SMOOTHIE MANGO,0.0,unid.,,,,,,,
114,Licuados & Malteadas,,VAINILLA MALTEADAS,,,,,,,,,
552,Modificadores genéricos,,CHAI CLÁSICO BOBAH TEAH,,,,,,,,,
492,Modificadores genéricos,,GRANILLO CAPPUCCINO - Decoración crepa,139.0,unid.,,,,,,,
491,Modificadores genéricos,,GRANILLO FRESA - Decoración crepa,254.0,unid.,,,,,,,
543,Modificadores genéricos,,JAMÓN - RAMEN,0.0,unid.,,,,,,,
671,Modificadores genéricos,,VERDURAS - RAMEN,,,,,,,,,
681,Mojito,,AMORE MIO - MOJITO,,,,,,,,,
682,Mojito,,BLUE BUTTERFLY - MOJITO,,,,,,,,,
684,Mojito,,MANGO GO - MOJITO,,,,,,,,,
863,Postres,,PERLAS DE SANDIA,,,,,,,,,
872,Ramen y más,,BULKDAK TACO,,,,,,,,,
527,Ramen y más,,Hot Chicken 3X 🔥🔥🔥🔥🔥🔥,,,,,,,,,
873,Ramen y más,,MAMA OK CARBONARA FLAVOR,,,,,,,,,
889,Ramen y más,,PALDO KOKOMEN,,,,,,,,,
860,Ramen y más,,RAMEN BULDAK SWICY,,,,,,,,0.0,
355,Ramen y más,,RAMEN CARBONARA - BULDAK,0.0,unid.,,,5.0,unid.,ML - TOYO FOODS,27.6,
807,Ramen y más,,RAMEN CARBONARA VOLCANO - Paldo,0.0,unid.,,,,,MEGAFOOD,27.6,
691,Ramen y más,,RAMEN CHEESE - OTTOGI,0.0,unid.,,,5.0,unid.,,40.0,
441,Ramen y más,,RAMEN CREAM CARBONARA - BULDAK,0.0,unid.,,,5.0,unid.,Diposa INC,,
832,Ramen y más,,RAMEN Habanero limón  - BULDAK,12.0,unid.,12.0,unid.,5.0,unid.,,,
193,Ramen y más,,RAMEN HOT CHICKEN 2X - BULDAK,8.0,unid.,,,5.0,unid.,,39.0,
192,Ramen y más,,RAMEN HOT CHICKEN - BULDAK,10.0,unid.,,,5.0,unid.,ML - TOYO FOODS,39.93,
194,Ramen y más,,RAMEN HOT CHICKEN CHEESE - BULDAK,3.0,unid.,,,5.0,unid.,,29.95,
648,Ramen y más,,RAMEN KIMCHI - OTTOGI,0.0,unid.,,,3.0,unid.,,,
739,Ramen y más,,RAMEN KIMCHI - PALDO,21.0,unid.,,,,,Asiaon Mart,33.25,
425,Ramen y más,,RAMEN KIMCHI - SAMYANG,0.0,unid.,,,5.0,unid.,,30.0,
457,Ramen y más,,RAMEN QUATTRO CHEESE - BULDAK,24.0,unid.,,,5.0,unid.,,39.0,
443,Ramen y más,,RAMEN ROSÉ - BULDAK,0.0,unid.,,,5.0,unid.,DOKSURI,35.0,
357,Ramen y más,,RAMEN SAMYANG ORIGINAL - SAMYANG,0.0,unid.,,,5.0,unid.,Asiaon Mart,38.64,
191,Ramen y más,,RAMEN SHIN RAMYUN - NONGSHIM,0.0,unid.,,,5.0,unid.,,38.75,
874,Ramen y más,,SHIN RAMYUN TOOMBA,,,,,,,,,
456,Refrescos,,ARIZONA 591 ml,,,,,,,,14.08,
309,Refrescos,,COCA COLA 355ml,8.0,unid.,8.0,unid.,5.0,unid.,,,
893,Refrescos,,Jarritos lata 355ml,,,,,,,,,
650,SALSAS BONELESS,,AJO PARMESANO ADEREZO G,0.0,unid.,,,,,,71.05,
461,SALSAS BONELESS,,AJO PARMESANO ADEREZO M,0.0,unid.,,,,,,,
426,SALSAS BONELESS,,BBQ A LA DIABLA SALSA CH,0.0,unid.,,,,,,,
330,SALSAS BONELESS,,BBQ CHIPOTLE SALSA G,,,,,,,Mr Wings,,
298,SALSAS BONELESS,,BBQ HABANERO SALSA CH,0.0,unid.,,,,,Mr Wings,,
331,SALSAS BONELESS,,BBQ HABANERO SALSA G,0.0,unid.,,,,,Mr Wings,,
287,SALSAS BONELESS,,BBQ SALSA CH,0.0,unid.,,,,,Mr Wings,,
332,SALSAS BONELESS,,BBQ SALSA G,0.0,unid.,,,,,Mr Wings,,
727,SALSAS BONELESS,,BÚFALO CHAMPI SALSA CH,10.0,unid.,,,,,,,
728,SALSAS BONELESS,,BÚFALO CHAMPI SALSA G,7.0,unid.,,,,,,,
291,SALSAS BONELESS,,BÚFALO SALSA CH,0.0,unid.,,,,,Mr Wings,,
333,SALSAS BONELESS,,BÚFALO SALSA G,0.0,unid.,,,,,Mr Wings,,
290,SALSAS BONELESS,,CAJÚN SALSA CH,3.0,unid.,,,,,Mr Wings,,
334,SALSAS BONELESS,,CAJÚN SALSA G,2.0,unid.,,,,,Mr Wings,,
820,SALSAS BONELESS,,CHEETOS SALSA CH,,,,,,,,,
821,SALSAS BONELESS,,CHEETOS SALSA G,,,,,,,,,
288,SALSAS BONELESS,,CHINGU TERIYAKI SALSA CH,10.0,unid.,,,,,Mr Wings,,
335,SALSAS BONELESS,,CHINGU TERIYAKI SALSA G,7.0,unid.,,,,,Mr Wings,,
817,SALSAS BONELESS,,DORITOS NACHO SALSA G,,,,,,,,,
362,SALSAS BONELESS,,FLAMIN HOT SALSA CH,0.0,unid.,,,,,,,
366,SALSAS BONELESS,,FLAMIN HOT SALSA G,0.0,unid.,,,,,,,
361,SALSAS BONELESS,,FRESA SPICY SALSA CH,0.0,unid.,,,,,,,
364,SALSAS BONELESS,,FRESA SPICY SALSA G,0.0,unid.,,,,,,,
363,SALSAS BONELESS,,JALAPEÑO SPICY SALSA CH,0.0,unid.,,,,,,,
367,SALSAS BONELESS,,JALAPEÑO SPICY SALSA G,0.0,unid.,,,,,,,
382,SALSAS BONELESS,,KRAZY HOT SALSA CH,47.0,unid.,,,,,,,
383,SALSAS BONELESS,,KRAZY HOT SALSA G,31.0,unid.,,,,,,,
352,SALSAS BONELESS,,LEMON PEPPER SALSA CH,0.0,unid.,,,,,Mr Wings,,
353,SALSAS BONELESS,,LEMON PEPPER SALSA G,0.0,unid.,,,,,,,
735,SALSAS BONELESS,,LOUISIANA SALSA CH,61.0,unid.,,,,,,,
736,SALSAS BONELESS,,LOUISIANA SALSA G,41.0,unid.,,,,,,,
360,SALSAS BONELESS,,MANGO GUAJILLO SALSA CH,0.0,unid.,,,,,,,
365,SALSAS BONELESS,,MANGO GUAJILLO SALSA G,0.0,unid.,,,,,,,
296,SALSAS BONELESS,,MANGO HABANERO SALSA CH,0.0,unid.,,,,,Mr Wings,,
336,SALSAS BONELESS,,MANGO HABANERO SALSA G,0.0,unid.,,,,,Mr Wings,,
733,SALSAS BONELESS,,MANGO HABANERO X2 SALSA CH,139.0,unid.,,,,,,,
734,SALSAS BONELESS,,MANGO HABANERO X2 SALSA G,93.0,unid.,,,,,,,
292,SALSAS BONELESS,,MANGO HOT SALSA CH,0.0,unid.,,,,,Mr Wings,,
337,SALSAS BONELESS,,MANGO HOT SALSA G,0.0,unid.,,,,,Mr Wings,,
300,SALSAS BONELESS,,Opcional Genérico,,,,,,,,,
293,SALSAS BONELESS,,ORIGINAL HOT SALSA CH,0.0,unid.,,,,,Mr Wings,,
340,SALSAS BONELESS,,ORIGINAL HOT SALSA G,0.0,unid.,,,,,Mr Wings,,
818,SALSAS BONELESS,,RANCHERITOS SALSA CH,,,,,,,,,
819,SALSAS BONELESS,,RANCHERITOS SALSA G,,,,,,,,,
814,SALSAS BONELESS,,RUFFLESS QUESO SALSA CH,,,,,,,,,
815,SALSAS BONELESS,,RUFFLESS QUESO SALSA G,,,,,,,,,
651,SALSAS BONELESS,,SAZONADOR FUEGO,0.0,unid.,0.0,unid.,,,,420.0,
289,SALSAS BONELESS,,TAMARINDO SALSA CH,0.0,unid.,,,,,Mr Wings,,
342,SALSAS BONELESS,,TAMARINDO SALSA G,0.0,unid.,,,,,Mr Wings,,
675,SALSAS BONELESS,,ZARZAMORA CHIPOTLE SALSA CH,,,,,,,,,
676,SALSAS BONELESS,,ZARZAMORA CHIPOTLE SALSA G,,,,,,,,,
844,Snacks Gatunos,,BANDERILLA COREANA,,,,,,,SABRITAS,,
637,Snacks Gatunos,,BLUEBERRY - POCKY 40g,0.0,unid.,0.0,unid.,2.0,unid.,DOKSURI,,
476,Snacks Gatunos,,BUBBLE GUM COLA,0.0,unid.,-14.0,unid.,,,Asiaon Mart,11.96,
439,Snacks Gatunos,,BUBBLE GUM DURAZNO,0.0,unid.,0.0,unid.,,,Asiaon Mart,11.04,
474,Snacks Gatunos,,BUBBLE GUM MANGO,0.0,unid.,0.0,unid.,,,Asiaon Mart,11.96,
475,Snacks Gatunos,,BUBBLE GUM UVA,0.0,unid.,0.0,unid.,,,Asiaon Mart,11.96,
177,Snacks Gatunos,,CAJETA MINI DONAS 14PZ,4.0,unid.,,,,,,,
184,Snacks Gatunos,,CAJETA MINI DONAS 8PZ,3.0,unid.,,,,,,,
178,Snacks Gatunos,,CHOCOLATE MINI DONAS 14PZ,,,,,,,,,
185,Snacks Gatunos,,CHOCOLATE MINI DONAS 8PZ,,,,,,,,,
636,Snacks Gatunos,,CHOCOLATE - POCKY 40g,0.0,unid.,-3.0,unid.,2.0,unid.,DOKSURI,41.2,
179,Snacks Gatunos,,CREMA PASTELERA MINI DONAS 14PZ,,,,,,,,,
186,Snacks Gatunos,,CREMA PASTELERA MINI DONAS 8PZ,,,,,,,,,
822,Snacks Gatunos,DED3,DEDOS DE QUESO 3 PZA,0.0,unid.,,,,,,,
327,Snacks Gatunos,DON14,DONITAS GATUNAS 14PZA,0.0,unid.,,,,,,,
317,Snacks Gatunos,DON8,DONITAS GATUNAS 8PZA,0.0,unid.,,,,,,,
180,Snacks Gatunos,,FRESA MINI DONAS 14PZ,,,,,,,,,
187,Snacks Gatunos,,FRESA MINI DONAS 8PZ,,,,,,,,,
830,Snacks Gatunos,,GOMITAS UVA - ORION,,,,,,,,33.0,
835,Snacks Gatunos,,JALAPEÑO RELLENO 8PZA,12.0,unid.,,,,,,,
834,Snacks Gatunos,,JALAPEÑO RELLENOS 3PZ,32.0,unid.,,,,,,,
764,Snacks Gatunos,,LUNETAS M&M's - Decoración crepa,39.0,unid.,,,,,,,
181,Snacks Gatunos,,MAPPLE MINI DONAS 14PZ,,,,,,,,,
188,Snacks Gatunos,,MAPPLE MINI DONAS 8PZ,,,,,,,,,
310,Snacks Gatunos,,MINI PIZZA - 4 QUESOS,11.0,unid.,,,,,Sam's Club,26.9,
196,Snacks Gatunos,,MINI PIZZA - PEPERONI,0.0,unid.,,,,,Sam's Club,26.9,
823,Snacks Gatunos,,MOCHI CHOCOLATE 180g,,,,,,,,71.0,
690,Snacks Gatunos,,MOCHI DURAZNO - ROYAL FAMILY,,,,,,,,,
726,Snacks Gatunos,,MOCHI FRAMBUESA - ROYAL F,0.0,unid.,-1.0,unid.,,,,72.0,
680,Snacks Gatunos,,MOCHI FRESA - ROYAL,0.0,unid.,-2.0,unid.,,,,66.0,
689,Snacks Gatunos,,MOCHI MANGO 132g - ROYAL FAMILY,,,,,,,ML - TOYO FOODS,66.0,
688,Snacks Gatunos,,MOCHI NATILLA LIMON - ROYAL,,,,,,,,,
827,Snacks Gatunos,,MOCHI PAY DE QUESO 180g,,,,,,,MERCADO LIBRE,75.0,
825,Snacks Gatunos,,MOCHI TIRAMISUO 180g,,,,,,,,71.0,
826,Snacks Gatunos,,MOCHI VAINILLA 120g,,,,,,,MERCADO LIBRE,,
824,Snacks Gatunos,,MOCHI VAINILLA 180g,,,,,,,MERCADO LIBRE,71.0,
714,Snacks Gatunos,MUN12,MUNCHERS - PALOMITAS DE PAPA - 12 PZA,0.0,unid.,,,,,,,
715,Snacks Gatunos,MUNC_6,MUNCHERS - PALOMITAS DE PAPA - 6 PZA,0.0,unid.,,,,,,,
346,Snacks Gatunos,,NUEZ - Decoración crepa,86.0,unid.,,,,,,,
182,Snacks Gatunos,,NUTELLA MINI DONAS 14PZ,0.0,unid.,,,,,,,
189,Snacks Gatunos,,NUTELLA MINI DONAS 8PZ,0.0,unid.,,,,,,,
201,Snacks Gatunos,,ORIGINAL PEPERO,0.0,unid.,-3.0,unid.,2.0,unid.,,,
781,Snacks Gatunos,,PAPAS FRITAS - CORTE GAJO 270g,0.0,unid.,,,,,,,
782,Snacks Gatunos,,PAPAS FRITAS - CORTE GAJO 380g,0.0,unid.,,,,,,,
783,Snacks Gatunos,,PAPAS FRITAS - CORTE GAJO 500g,0.0,unid.,,,,,,,
415,Snacks Gatunos,PAP_CH,PAPAS FRITAS - CORTE RECTO - CH (170g),0.0,unid.,,,,,,,
417,Snacks Gatunos,PAP_G,PAPAS FRITAS - CORTE RECTO G (350g),0.0,unid.,,,,,,,
418,Snacks Gatunos,PAP_J,PAPAS FRITAS - CORTE RECTO J (500g),0.0,unid.,,,,,,,
416,Snacks Gatunos,PAP_M,PAPAS FRITAS - CORTE RECTO M (270g),0.0,unid.,,,,,,,
809,Snacks Gatunos,,PIZZA M - HAWAIANA,4.0,unid.,4.0,unid.,,,SABRITAS,35.1,140.4
810,Snacks Gatunos,,PIZZA M - PEPPERONI,0.0,unid.,-1.0,unid.,,,Sigma Foodservice,34.03,
635,Snacks Gatunos,,STRAWBERRY - POCKY 40g,1.0,unid.,1.0,unid.,2.0,unid.,DOKSURI,,
869,Snacks Gatunos,,YOUS PUYAGI JELLYS UVA,,,,,,,,,
868,Snacks Gatunos,,YOUUS PUYANGI ORIGINAL,,,,,,,,0.0,
183,Snacks Gatunos,,ZARZAMORA MINI DONAS 14PZ,,,,,,,,,
190,Snacks Gatunos,,ZARZAMORA MINI DONAS 8PZ,,,,,,,,,
83,Sodas Explosivas,,BUBALOO - Sodas explosivas,0.0,unid.,,,,,,,
763,Sodas Explosivas,,CEREZA Perlas explosivas,,,,,,,,,
81,Sodas Explosivas,,CEREZA - Sodas explosivas,,,,,,,,,
93,Sodas Explosivas,,CHICLE - Perlas Explosivas,,,,,,,,,
82,Sodas Explosivas,,CHICLE - Sodas explosivas,,,,,,,,,
304,Sodas Explosivas,,CHOCOLATE Perlas explosivas,,,,,,,,,
449,Sodas Explosivas,,DURAZNO - Sodas explosivas,,,,,,,,,
84,Sodas Explosivas,,FRAMBUESA - Sodas explosivas,,,,,,,,,
94,Sodas Explosivas,,FRESA Perlas Explosivas,0.0,unid.,-133.0,unid.,,,,,
85,Sodas Explosivas,,FRESA - Sodas explosivas,,,,,,,,,
98,Sodas Explosivas,,KIWI Perlas explosivas,,,,,,,,,
86,Sodas Explosivas,,KIWI - Sodas explosivas,,,,,,,,,
99,Sodas Explosivas,,LITCHI Perlas explosivas,,,,,,,,,
87,Sodas Explosivas,,LITCHI - Sodas explosivas,,,,,,,,,
96,Sodas Explosivas,,MANGO Perlas explosivas,,,,,,,,,
88,Sodas Explosivas,,MANGO - Sodas explosivas,,,,,,,,,
95,Sodas Explosivas,,MANZANA VERDE Perlas explosivas,,,,,,,,,
90,Sodas Explosivas,,MANZANA VERDE - Sodas explosivas,,,,,,,,,
91,Sodas Explosivas,,MARACUYA - Sodas explosivas,,,,,,,,,
97,Sodas Explosivas,,MORA AZUL - Perlas explosivas,,,,,,,,,
89,Sodas Explosivas,,MORA AZUL - Sodas explosivas,,,,,,,,,
92,Sodas Explosivas,,SANDÍA - Sodas explosivas,,,,,,,,,
316,Sodas Explosivas,SOD,SODA EXPLOSIVA,0.0,unid.,,,,,,,
100,Sodas Explosivas,,YOGURTH Perlas explosivas,,,,,,,,,
138,Té's,,CANELA MANZANA TÉ´S,,,,,,,,,
321,Té's,,FRUTOS ROJOS TÉ'S,,,,,,,,,
137,Té's,,FUSIÓN HERBAL TÉ´S,,,,,,,,,
136,Té's,,HIERBABUENA TÉ´S,,,,,,,,,
134,Té's,,LIMÓN TÉ´S,,,,,,,,,
135,Té's,,MANZANILLA TÉ´S,,,,,,,,,
